;0
0;
1;ABA
2;ABAJI
3;ABAYOMI
4;ABBA
5;ABBEY
6;ABD
7;ABDUL
8;ABDULAZEEZ
9;ABDULAZEEZOLAJIDETOADEBAYO
10;ABDULAZEEZREF
11;ABDULFATTAH
12;ABDULHAKEEM
13;ABDULHAKEEMNASIR
14;ABDULLAHI
15;ABDULLAHIAJADITOOSHOKHUEFESTUS
16;ABDULLAHIASHAFAREF
17;ABDULLAHIIBRAHIM
18;ABDULLAHIMUHAMMADU
19;ABDULLAHIMUHAMMADUAUWALUREF
20;ABDULLAHIREF
21;ABDULLAHITOABDULLAHIAISHA
22;ABDULLAHITOABDULLAHIAMINU
23;ABDULLAHITOAKPANSARAH
24;ABDULLAHITOALIMOHAMMED
25;ABDULLAHITOALIYUASHAFA
26;ABDULLAHITOALIYUMUHAMMED
27;ABDULLAHITOAMADIVIVIAN
28;ABDULLAHITOHASSANABDULWAJID
29;ABDULLAHITOIDAKWOATTAH
30;ABDULLAHITOIDEHENNAOMI
31;ABDULLAHITOJIBRINSULEIMAN
32;ABDULLAHITOMUHAMMADISMAIL
33;ABDULLAHITOMUNDUHAUWA
34;ABDULLAHITOOPARAOLUCHUKWU
35;ABDULLAHITOPATRICKINNOCENT
36;ABDULLAHITOSANYAEASY
37;ABDULLAHITOUMARUSMAN
38;ABDULLAHITOUSONKAISMAIL
39;ABDULLAHITOYOGHBRENDA
40;ABDULQADISADIQ
41;ABDULRAKIB
42;ABDULRAKIBREF
43;ABDULRAZAK
44;ABEOKUT
45;ABIBAT
46;ABIDEEN
47;ABIDEENADEYEMOREF
48;ABIDEMI
49;ABIGAILTOJOSEPHJOHN
50;ABIODUN
51;ABIODUNJAMIUTOADEDIRAN
52;ABIODUNLIJOKAREF
53;ABIODUNREF
54;ABIONAREF
55;ABISOLA
56;ABODUNRIN
57;ABOLADE
58;ABOSEDE
59;ABRAHAM
60;ABRAHAMOLUWAMBE
61;ABU
62;ABUBAKAR
63;ABUBAKARABDULQADISADIQREF
64;ABUBAKARHAUWA
65;ABUBAKARREF
66;ABUBAKARZAIDREF
67;ABUHASSAN
68;ABUHURAIRA
69;ABUHURAIRAREF
70;ABUJA
71;ABUJANIGERIA
72;ABUJAWUSE
73;ABUSOMWAN
74;ABYBOOMTRADENIGERIA
75;AC
76;ACC
77;ACCELEREX
78;ACCELEREXNETWORKLIMITED
79;ACCESS
80;ACCESSQUADRIOTUYIGAREF
81;ACCESSUMUNNACHINEDUREF
82;ACCOUNT
83;ACCOUNTTRANSFER
84;ACCTPAYSTACK
85;ACECEEC
86;ACECEECARVE
87;ACOUNT
88;ADA
89;ADAAUGUSTINA
90;ADACHUKWU
91;ADAGBON
92;ADAH
93;ADAM
94;ADAMAAGEB
95;ADAMS
96;ADAMU
97;ADAPTER
98;ADDAS
99;ADDED
100;ADDITIONAL
101;ADEBAYO
102;ADEBAYOADESINA
103;ADEBAYOAGEB
104;ADEBAYOEMMANUELOLUWAFEMITO
105;ADEBAYOOLATUNDE
106;ADEBAYOOLATUNDENONE
107;ADEBAYOOLATUNDEREF
108;ADEBAYOOLATUNDETOADEBAYO
109;ADEBAYOOLATUNDETOADENIYI
110;ADEBAYOOLATUNDETOALAWODEHAMMED
111;ADEBAYOOLATUNDETOBASSEY
112;ADEBAYOOLATUNDETOBEECROFT
113;ADEBAYOOLATUNDETOBOLUWATIFEADEDAMOLA
114;ADEBAYOOLATUNDETOJOHNSONOLAJUWON
115;ADEBAYOOLATUNDETOODESANYA
116;ADEBAYOOLATUNDETOOLADIMEJI
117;ADEBAYOOLATUNDETOPHARMASOLUTIONS
118;ADEBAYOOLATUNDETOTIJANI
119;ADEBAYOOLATUNDETOYAHAYA
120;ADEBAYOOLAWALEBENJAMINREF
121;ADEBISI
122;ADEBONOJO
123;ADED
124;ADEDEJI
125;ADEDIRAN
126;ADEDIRANSUNDAY
127;ADEDIRANSUNDAYTOEHIMENEFE
128;ADEDIRANSUNDAYTOGTBIMPERSONAL
129;ADEDIRANSUNDAYTOIMPERSONAL
130;ADEDOKUN
131;ADEE
132;ADEGOKE
133;ADEKANMBI
134;ADEKOYA
135;ADELAKIN
136;ADELAKUN
137;ADELEKE
138;ADELEYE
139;ADENIKEADEJOKETOJOSEPHJOHN
140;ADENIRAN
141;ADENIRANSUNDAY
142;ADENOLA
143;ADEOLA
144;ADEOLASURAJUDEE
145;ADEOLATOUGWUANYISAMSON
146;ADEOLUIKHAFIATOUGWUANYISAMSON
147;ADEPOJU
148;ADEPOJUREF
149;ADEQUATE
150;ADERIBIGBE
151;ADERONKE
152;ADESOLA
153;ADESOLATUNBOSUNRASAQREF
154;ADETIFA
155;ADETUGBOBOH
156;ADEWAKUN
157;ADEWALE
158;ADEWALEREF
159;ADEWARA
160;ADEWARAKEHINDE
161;ADEWOLE
162;ADEWOLETOLULOPEEMMANUELREF
163;ADEWUNMI
164;ADEWUYIREF
165;ADEYEBA
166;ADEYEMI
167;ADEYEMIBLESSING
168;ADEYEMIBLESSINGDAMILOLAREF
169;ADEYEMIREF
170;ADEYEMO
171;ADEYEMOREF
172;ADEYI
173;ADEYINKA
174;ADEYIREF
175;ADIJAT
176;ADIJATREF
177;ADISA
178;ADMIRALTY
179;ADO
180;ADOAJAH
181;ADVANCE
182;AED
183;AFINIKI
184;AFINIKIREF
185;AFOLABI
186;AFOLABIREF
187;AFOMA
188;AFRICA
189;AGARD
190;AGARO
191;AGBERO
192;AGBO
193;AGBOGUNEBERECHUKWUCHRISTINATOADEBAYO
194;AGBOKWOR
195;AGBOLUAJE
196;AGBOLUAJEOLALEKAN
197;AGEGE
198;AGENCY
199;AGENT
200;AGESIN
201;AGOZIEM
202;AGOZIEMREF
203;AGRO
204;AGUDA
205;AHMAD
206;AHMED
207;AHMEDNETFLIX
208;AHMEDOLAYINKAAHMED
209;AHMEDREF
210;AHUNNA
211;AHUNNAOPARAREF
212;AIGBEKAEN
213;AIGBEKAENREF
214;AIRPORTREF
215;AIRTIME
216;AIRTIMR
217;AISHA
218;AISHANAMAMA
219;AISHAT
220;AISHATREF
221;AISIEN
222;AJADITOOSHOKHUEFESTUS
223;AJAH
224;AJANIOLADIPUPO
225;AJAYI
226;AJAYIFUNMILAYOAISHATREF
227;AJETOMOBI
228;AJETOMOBIEMMANUEL
229;AJETOMOBIEMMANUELREF
230;AJETOMOBIREFGW
231;AJIBOLA
232;AJILEYE
233;AJIMOH
234;AKEEM
235;AKEEMREF
236;AKHIBI
237;AKINADE
238;AKINFOLARIN
239;AKINTOYE
240;AKINTUNDETOASHAFAIBRAHIM
241;AKINWOLE
242;AKINYOSOYE
243;AKPONGREF
244;AKPOSAGEB
245;AKUKI
246;AKUKIREF
247;AKUMA
248;AKUMAJAAFAR
249;AKUMAREF
250;AL
251;ALABI
252;ALABIABDULLAHIAJADITOOSHOKHUE
253;ALADUKE
254;ALADUKEREF
255;ALASAC
256;ALASE
257;ALASETITILOPEREF
258;ALBERT
259;ALERT
260;ALERTCHARGE
261;ALEX
262;ALEXANDER
263;ALEXANDEREKOJAREF
264;ALEXANDRE
265;ALEXANDREQUAMTOOSHOKHUEFESTUS
266;ALI
267;ALIREF
268;ALIU
269;ALIUREF
270;ALIYU
271;ALIYUHAUWAREF
272;ALIYUREF
273;ALLEN
274;ALLIANCENIGERIALTDTOADEBAYO
275;ALLIED
276;ALLOWANCE
277;ALOBO
278;ALONGE
279;ALONGEREF
280;ALOTREF
281;AMAECHI
282;AMAKA
283;AMAKAMA
284;AMALA
285;AMANDA
286;AMAZON
287;AMB
288;AMBROSE
289;AMELIATOUGWUANYISAMSON
290;AMIN
291;AMINA
292;AMINU
293;AMIYU
294;AMIYUIBRAHIM
295;AMOS
296;AMP
297;AMPCOCKTAILSREF
298;AMREF
299;AMTAB
300;AMUF
301;AMY
302;ANAGUTA
303;ANAYOCHI
304;ANDCR
305;ANDGAS
306;ANDMAINTENANCE
307;ANDMATERNITYREF
308;ANDPREVIOUS
309;ANDPRIMARY
310;ANDROID
311;ANDWAGONS
312;ANELE
313;ANGLICAN
314;ANITA
315;ANNAPAULANG
316;ANNIVERSARY
317;ANTHONY
318;ANTHONYALEXANDEREKOJAREF
319;ANTHONYVILLAGE
320;ANTIVIRUSSOFTWARE
321;ANUOLUWAPOTOADEDIRAN
322;ANYACCOUNT
323;ANYAEGBU
324;AODEKU
325;APAPA
326;APAPARDEBUTE
327;APO
328;APOS
329;APP
330;APPLE
331;APPLIANCES
332;APPOLLONIA
333;APPOLLONIAO
334;APPOLLONIAOGOCHUKWU
335;APPRECIATE
336;APR
337;APRIL
338;AQUEREBURU
339;AQUILINE
340;ARAB
341;ARABREF
342;AREMU
343;AREMUREF
344;ARIGU
345;ARINOLA
346;ARINZE
347;ARMSTRONG
348;ARTEE
349;ARTHUR
350;ARVELTD
351;ASABI
352;ASCENTT
353;ASEDU
354;ASHAFA
355;ASHAFAABDULLAHI
356;ASHAFAABDULLAHIREF
357;ASHAFAIBRA
358;ASHAFAIBRAABDULLAHI
359;ASHAFAIBRAHIM
360;ASHAFAREF
361;ASHSFA
362;ASI
363;ASISAT
364;ASOGWA
365;ASPIRE
366;ASSEMBLY
367;ASSET
368;ASSTAJJNG
369;ATINUKE
370;ATINUKEREF
371;ATM
372;ATMABUJA
373;ATMATM
374;ATMBLENCO
375;ATMEBUTE
376;ATMKEYSTONE
377;ATMLAGOS
378;ATMNIP
379;ATMOAD
380;ATMPLOT
381;ATMSWTCHBSNKMAGODOLAGOS
382;ATMYABA
383;ATM_P
384;ATOJOSEPHJOHN
385;ATOLAGBE
386;ATOLAGBEREF
387;ATS
388;ATTAHIRU
389;ATTEH
390;ATTEHAUDUREF
391;AUDU
392;AUDUOSUREF
393;AUDUREF
394;AUG
395;AUGUSTINA
396;AUGUSTINE
397;AUGUSTINEREF
398;AUTA
399;AUTAJOSEPH
400;AUTHORIZED
401;AUTOMATED
402;AUWALU
403;AUWALUREF
404;AVENUEIKEJA
405;AVIL
406;AVTOVIC
407;AW
408;AWE
409;AWELE
410;AWESOME
411;AWOLOUTAKOABUJA
412;AWWW
413;AYEGB
414;AYEGBA
415;AYENI
416;AYINDE
417;AYINLA
418;AYINLAREF
419;AYO
420;AYOADE
421;AYOBAMI
422;AYOBAMIMRS
423;AYODEJI
424;AYODELE
425;AYODELEVICTOR
426;AYODIMEJI
427;AYODIMEJIREF
428;AYOKUNLE
429;AYOMIDE
430;AZEEZ
431;AZMAN
432;AZUANUKA
433;AZUATALAM
434;AZUATALAMRHODAOLUWAFUNMILOLAREF
435;AZUBIKE
436;A_PS
437;B
438;BA
439;BAAL
440;BABA
441;BABANGIDA
442;BABAREF
443;BABATUNDE
444;BABATUNDEFREDERICKTOOSHOKHUEFESTUS
445;BABATUNDEOLANREWAJU
446;BABATUNDEREF
447;BABAWURO
448;BACK
449;BAIYEEREF
450;BAKERY
451;BAKO
452;BALA
453;BALANCE
454;BALANCEENQUIRY
455;BALOGUN
456;BALOGUNHAKEEMOLOHUNTOYIN
457;BAMGBADE
458;BAMIDELE
459;BAMIDELEEKUNREF
460;BAMIDELEREF
461;BAMIDELETOUGWUANYISAMSON
462;BAMIGBOYE
463;BAMIGBOYEREF
464;BANDS
465;BANK
466;BANKABUJA
467;BANKING
468;BANKLAGOS
469;BANKLIMITED
470;BANKLTD
471;BANKOLEAKINWUMITOJOSEPH
472;BANKPLC
473;BANKWUSE
474;BARBER
475;BASE
476;BASH
477;BASHIR
478;BASIRAH
479;BASIRAHUSMANREF
480;BASKET
481;BATA
482;BATAMADA
483;BATTERY
484;BAXTRSF
485;BAX_TRSF_
486;BAZAAR
487;BB
488;BDAY
489;BDB
490;BDULLAHIASHAFA
491;BEDSHEETS
492;BELL
493;BELLA
494;BELLO
495;BENEDICT
496;BENEFICIARYBANK
497;BENIN
498;BENJAMIN
499;BENJAMINREF
500;BEPOS
501;BERGER
502;BERGERLAGOS
503;BERNARD
504;BEST
505;BESTWILL
506;BET
507;BETASTORE
508;BETWEENCUSTOMERS
509;BF
510;BFN_PS
511;BIDWIL
512;BIG
513;BIKE
514;BILL
515;BILLITUNES
516;BILLOBILEYETAOFIK
517;BILLREF
518;BILLS
519;BIMS
520;BIO
521;BIOMETRIC
522;BIR
523;BIRTHDAY
524;BIT
525;BK
526;BL
527;BLACK
528;BLACKGOLD
529;BLENCO
530;BLEQW
531;BLESSING
532;BLESSINGCHINEAJAH
533;BLESSINGDAMILOLA
534;BLESSINGIFEAYINWA
535;BLESSINGONYEDIKACHIREF
536;BLKA
537;BLKACBDALAUSA
538;BLOW
539;BMO
540;BNKAPI
541;BO
542;BODY
543;BODYREF
544;BOLAJI
545;BOLING
546;BOLINGABUJA
547;BOLT
548;BOLTS
549;BOLT_PAYU
550;BOLT_PAYULAGOS
551;BONJOR
552;BONNY
553;BONNYMAX
554;BONUS
555;BOO
556;BOOK
557;BOOKS
558;BOOSTER
559;BOSE
560;BOSEREF
561;BOSHOKHUE
562;BOSS
563;BOX
564;BOXERS
565;BRA
566;BRAINTREE
567;BREAK
568;BRNIGLTDBB
569;BROTHER
570;BSSM
571;BUCHI
572;BUDGET
573;BUESI
574;BUKKA
575;BUKKHA
576;BUKOLA
577;BUKOLAROSELINETOJOSEPH
578;BURIAL
579;BUS
580;BUSARI
581;BUSINESS
582;BUSINESSES
583;BUY
584;BUYPOWER
585;BUYPOWERNG
586;BWARI
587;BWARIREF
588;BYAGENT
589;BYDLIGHT
590;BYH
591;C
592;CA
593;CABLE
594;CABLEADEYEBAADEBAYO
595;CABLEREF
596;CABLESOLAMITOKEOLUWOLE
597;CAJETANALINONU
598;CAKE
599;CALLS
600;CAMP
601;CANDLE
602;CAPRICORN
603;CAPTAIN
604;CAR
605;CARD
606;CARDREF
607;CARRIAGE
608;CARRY
609;CASH
610;CASHCHARGE
611;CASHOUT
612;CASSIPHY
613;CASSIPHYGLOBAL
614;CASTLE
615;CAT
616;CAUS
617;CBD
618;CBDALAUSA
619;CBN
620;CC
621;CEGDOMAT
622;CELEBRITY
623;CELESTINA
624;CEMENT
625;CENTRAL
626;CEO
627;CEVKATE
628;CFD
629;CH
630;CHAGOURY
631;CHARGE
632;CHARITY
633;CHARITYFAITH
634;CHARITYFAITHREF
635;CHARITYFAITHREFGW
636;CHARITYREF
637;CHARLES
638;CHEMICAL
639;CHEQUE
640;CHEQUEBOOK
641;CHEROKEE
642;CHERYLTOOSHOKHUE
643;CHIBUZO
644;CHIC
645;CHICHI
646;CHICKEN
647;CHIDERAKINGSLEY
648;CHIDI
649;CHIDIEBUBE
650;CHIDINMA
651;CHIGASA
652;CHIGOZIE
653;CHIGOZIEREF
654;CHILDREN
655;CHILDRENS
656;CHILEKWE
657;CHILEKWEEMMANUEL
658;CHILEKWEEMMANUELCHUKWUEMEKAREF
659;CHIMA
660;CHIMAREF
661;CHINE
662;CHINEAJAH
663;CHINOS
664;CHINWE
665;CHIPS
666;CHRIS
667;CHRISTIAN
668;CHRISTIANA
669;CHRISTIANCHUKWUDI
670;CHRISTIANCHUKWUDIEZIORAREF
671;CHRISTOPHER
672;CHUKWUDI
673;CHUKWUEMEKA
674;CHUKWUEMEKAREF
675;CHUKWUJEKWU
676;CHUKWUMAHELIZABETHTOADEDIRAN
677;CHUKWUNALU
678;CHUKWUNALUREF
679;CHURCH
680;CHURCHCONTRIBUTION
681;CIB
682;CINEMAS
683;CITY
684;CITYMART
685;CJ
686;CKC
687;CLEANING
688;CLIFFORD
689;CLINIC
690;CLOTH
691;CLOTHES
692;CLOTHS
693;CLOUD
694;CMD
695;CNEE
696;CNSD
697;CO
698;COCKTAILS
699;COCKTAILSREF
700;COLDSTONEREF
701;COLE
702;COLLECTION
703;COLLECTIONS
704;COLLINS
705;COM
706;COMABUJA
707;COMIE
708;COMING
709;COMINGREF
710;COMM
711;COMMISSION
712;COMMISSON
713;COMMITTMENT
714;COMMUNICAT
715;COMP
716;COMPACT
717;COMPANY
718;CONCEPT
719;CONCEPTREF
720;CONCEPTS
721;CONF
722;CONFIQ
723;CONNECT
724;CONNECTION
725;CONNECTIONREF
726;CONSTRUCT
727;CONTAINERLOADINGCHRIS
728;CONTRIBITION
729;CONTRIBUTION
730;CONTRIBUTIONREF
731;CONTRIBUTIONS
732;CONTRIBUTIONTO
733;COOK
734;COOP
735;CORPORATE
736;COSMIC
737;COSNET
738;COUPLERPOWEROLAMITOKEOLUWOLE
739;CR
740;CRAVINGS
741;CREST
742;CRESTLIMITEDTOUGWUANYI
743;CRF
744;CRFP
745;CRIMPLING
746;CSC
747;CTOJOSEPHJOHN
748;CU
749;CURRENTSTAFF
750;CUSTOMERS
751;CUSTOMERSCNDD
752;CUSTOMERSFAIRMONEYFAIRMONEY
753;CUSTOMERSFAIRMONEYLOANDISBURSEMENTFAIRMONEY
754;CUSTOMERSMOB
755;CUSTOMERSONB
756;CUSTOMERSSALARYDEC
757;CUSTOMERSSOCKET
758;CUSTOMERSVIA
759;CUSTOMERSVIAGTWORLDREF
760;CUSTOMERSXJES
761;CUSTOMERSZNXS
762;CUTLERY
763;CYRACUS
764;CYRIL
765;DA
766;DAD
767;DAHIRU
768;DAILY
769;DAIRO
770;DALHATU
771;DAMI
772;DAMILARE
773;DAMILOLA
774;DAMILOLAREF
775;DANALD
776;DANDELTACOMUNICATIONS
777;DANIEL
778;DANIELELLUSON
779;DANIELPRINCE
780;DANIELQUEEN
781;DANIELREF
782;DANIELTOUGWUANYISAMSON
783;DANLADI
784;DANLADIREF
785;DANLAMI
786;DANLAMIREF
787;DANMOLE
788;DANSABO
789;DATAREF
790;DATES
791;DAUDA
792;DAVID
793;DB
794;DBAESTABLISHED
795;DBN
796;DBNABRAHAMOLUWAMBEREF
797;DD
798;DE
799;DEAR
800;DEARLY
801;DEBIES
802;DEBIT
803;DEBITCARDREPLACEMENT
804;DEC
805;DECEMBER
806;DEGBEVI
807;DELE
808;DELIGHT
809;DELIVERIES
810;DELIVERY
811;DELIVERYREF
812;DEMEHIN
813;DEMIDE
814;DEMIDEENEYAMIRE
815;DEMIDEENEYAMIREJEMILATUREF
816;DEPOSIT
817;DEPOSITTRANSACTIONIDOWUFUNSHO
818;DESIGN
819;DESIGNS
820;DEVICE
821;DEVT
822;DEVYANI
823;DGBNK
824;DIANE
825;DIATO
826;DIDI
827;DIESEL
828;DIGITAL
829;DIGITALLIMITED
830;DINNER
831;DIRSEL
832;DIRTY
833;DISBURSEMENT
834;DISCO
835;DISH
836;DISK
837;DISPENSE
838;DIVIDEND
839;DIVIDENDS
840;DIYAOLU
841;DJE
842;DJEE
843;DJES
844;DJSDABRAHAM
845;DNDE
846;DOLLAR
847;DOLPHIN
848;DOLPHINESTATE
849;DOM
850;DOMINIONHOUSELEKKI
851;DOMINIONHOUSEPROJECT
852;DONATION
853;DONATIONREF
854;DONATUS
855;DONE
856;DORCAS
857;DORCASATINUKEREF
858;DORIS
859;DOUBLE
860;DOUBLEK
861;DRAINAGECONTRIBUTION
862;DRAMABI
863;DRILLING
864;DRINKS
865;DRIVE
866;DRIVER
867;DRUGS
868;DRY
869;DRYCLEANERS
870;DRYCLEANERSREF
871;DRYCLEANING
872;DRYCLEANINGTO
873;DSTV
874;DUAKA
875;DUAKAAL
876;DUES
877;DUROSINMI
878;DUTY
879;DVR
880;E
881;EA
882;EAT
883;EBA
884;EBEANO
885;EBEHIREME
886;EBELEAMELIA
887;EBENEZER
888;EBERE
889;EBEREAMELIATOUGWUANYISAMSON
890;EBEREREF
891;EBN
892;EBONG
893;EBRAN
894;EBRANCH
895;EBRANLAGOS
896;EBUTA
897;EBUTE
898;EC
899;ECART
900;ECO
901;ECOSYSTEM
902;ED
903;EDEH
904;EDET
905;EDGE
906;EDGELIMITED
907;EDGELIMITEDREF
908;EDGELREF
909;EDITH
910;EDITIONREF
911;EDUN
912;EDUNREF
913;EFE
914;EFEANUOLUWAPOTOADEDIRAN
915;EFIZZZY
916;EG
917;EGBO
918;EGBOREF
919;EGWIM
920;EHA
921;EHI
922;EHIAYEGBAKINGREF
923;EHIMEN
924;EHIOGU
925;EJIKETOUGWUANYISAMSON
926;EK
927;EKAWU
928;EKAWUREF
929;EKED
930;EKEDC
931;EKENE
932;EKH
933;EKI
934;EKKI
935;EKKIYAKUBUREF
936;EKO
937;EKOJA
938;EKPEDEME
939;EKUN
940;EKUNBAMIDELE
941;EKUNBAMIDELEREF
942;EKUNREF
943;EKWUTOSI
944;EL
945;ELAIGWU
946;ELAIGWUREF
947;ELAMINREF
948;ELE
949;ELECTRIC
950;ELECTRICIAN
951;ELECTRICITY
952;ELECTRONIC
953;ELEKWACHI
954;ELEKWACHIREF
955;ELEKWACHITOCHUKWUTOOSAMWONYIOGHENOSA
956;ELEREF
957;ELISHA
958;ELISHAISRAEL
959;ELIZABETH
960;ELLUSON
961;ELOHOR
962;EM
963;EMEKA
964;EMMA
965;EMMANUEL
966;EMMANUELCHUKWUEMEKA
967;EMMANUELCHUKWUEMEKAREF
968;EMMANUELOLUKAYODETOJOSEPHJOHN
969;EMMANUELREF
970;EMMANUELREFGW
971;EMMANUELTOJOSEPHJOHN
972;EMMAS
973;ENE
974;ENECHE
975;ENEKE
976;ENEMALI
977;ENERGY
978;ENEYAMIRE
979;ENEYAMIREJEMILATU
980;ENEYAMIREJEMILATUREF
981;ENG
982;ENIFOME
983;ENIOLA
984;ENO
985;ENQUIRY
986;ENT
987;ENTE
988;ENTEPRISEE
989;ENTERPRI
990;ENTERPRIS
991;ENTERPRISE
992;ENTERPRISES
993;ENTERTAINMENT
994;ENTERTAINMENTTO
995;ENTRIES
996;ENYO
997;ENYONG
998;EPINVENDING
999;EQUIPMENT
1000;EQUITY
1001;EQUITYCONTRIBUTION
1002;EREF
1003;ERICA
1004;ERIMMA
1005;ERIMMAREF
1006;ERNATION
1007;ERNEST
1008;ERNESTNWAJREF
1009;ERNESTREF
1010;ERPRISESHAYKWISEHAYKWISE
1011;ERR
1012;ERROR
1013;ERTA
1014;ESHALOMI
1015;ESHALOMIREF
1016;ESHUE
1017;ESHUEREF
1018;ESOLUTION
1019;ESOLUTIONZ
1020;ESSENTIAL
1021;ESSIEN
1022;ESSIENREF
1023;EST
1024;ESTATEDVR
1025;ESTHER
1026;ESTHERDADA
1027;ESTHERJACKSON
1028;ESTHERJACKSONISHAYAREF
1029;ETALONG
1030;ETC
1031;ETIM
1032;ETOO
1033;EVELYN
1034;EVELYNOMOLOLA
1035;EVENTS
1036;EVOLVE
1037;EWARAWON
1038;EWERE
1039;EXCESS
1040;EXCHANGE
1041;EXECUTIVE
1042;EXP
1043;EXPENSES
1044;EXPRESS
1045;EXTRAFUND
1046;EY
1047;EYOWO
1048;EZE
1049;EZECHUKWU
1050;EZECHUKWUREF
1051;EZEDINMA
1052;EZEH
1053;EZEHCHIDINMA
1054;EZEKIEL
1055;EZEPASCALCHUKWUEMEKAREF
1056;EZEREF
1057;EZIORA
1058;EZIORAREF
1059;EZUGWU
1060;F
1061;FA
1062;FACILITY
1063;FADEKE
1064;FADEKELA
1065;FAI
1066;FAILED
1067;FAILURE
1068;FAIR
1069;FAIRMONEY
1070;FAIRMONEYHERE
1071;FAIRMONEYJOHNJOSEPHREF
1072;FAIRMONEYREFUNDED
1073;FAIRMONEYREFUNDEDPAYSTACKFINANCE
1074;FAISAL
1075;FAISALOMOTOSHOTOJOSEPH
1076;FAITH
1077;FAITHAHUNNA
1078;FAITHREF
1079;FAITHREFGW
1080;FAJEMIROKUN
1081;FAKIU
1082;FAMILY
1083;FAN
1084;FAOLUBIYI
1085;FARE
1086;FARM
1087;FARMS
1088;FARMSLTD
1089;FAROUQTOADEBAYO
1090;FASHIPE
1091;FATAI
1092;FATIMA
1093;FATIMAAMINUREF
1094;FAUSTINUS
1095;FB
1096;FBN
1097;FBNABDULLAHI
1098;FBNMARGARETSAMSONREF
1099;FBNMOBILE
1100;FBNPDCONNECT
1101;FBNTACHIEHARMONYREF
1102;FBP
1103;FBPONBBABATUNDEOLAJIDE
1104;FBPONBIKENNA
1105;FBPONBRIKKO
1106;FC
1107;FCMB
1108;FCMBTRUSTEESLTD
1109;FCMB_TRUSTEES_JUMIA
1110;FCNG
1111;FD
1112;FDC
1113;FEAST
1114;FEB
1115;FEBRUARY
1116;FEE
1117;FEEDING
1118;FEES
1119;FELIX
1120;FELIXTUNDETOJOSEPH
1121;FEMI
1122;FEMIS
1123;FERDINAND
1124;FESTUS
1125;FESTUSJOSEPH
1126;FESTUSJOSEPHTOAKINSANYA
1127;FESTUSJOSEPHTOALABIABDULLAHI
1128;FESTUSJOSEPHTOAQUILINE
1129;FESTUSJOSEPHTOAWO
1130;FESTUSJOSEPHTOEMESHILIKOFOWOROLA
1131;FESTUSJOSEPHTOOGUNLEYEABIOLA
1132;FESTUSJOSEPHTOOWOADEABIDEMI
1133;FIBRE
1134;FILLING
1135;FILLINGSTA
1136;FILM
1137;FIN
1138;FINANCEPAYSTACK
1139;FINGERPR
1140;FINGERPRINT
1141;FIP
1142;FIRESTICK
1143;FISH
1144;FIXING
1145;FIXREF
1146;FLIRT
1147;FLIT
1148;FLOORIBADAN
1149;FLORENCE
1150;FLOURISHHOME
1151;FLOWERS
1152;FLUTTERWAV
1153;FLUTTERWAVE
1154;FLW
1155;FLWLAGOS
1156;FMB
1157;FNWUREF
1158;FODILU
1159;FODILUFOLAMIREF
1160;FOLAKE
1161;FOLAKEIKORODU
1162;FOLAMI
1163;FOLAMIREF
1164;FOLARIN
1165;FOLARINOLUGBENGA
1166;FOLASHADE
1167;FOLASHADEREF
1168;FOLAYEMI
1169;FOO
1170;FOOD
1171;FOODIES
1172;FOODKUT
1173;FOODS
1174;FOODSLIMITED
1175;FOODSTORES
1176;FOODSTUFFEKUN
1177;FORADEDIRAN
1178;FORAPRILFROMCASSIPHY
1179;FORBAYGS
1180;FORCE
1181;FORCHEQUEBOOK
1182;FORJOSEPH
1183;FORKLIFTREF
1184;FOROSHOKHUEFESTUS
1185;FORPAPA
1186;FORWARD
1187;FORYOUFAIRMONEY
1188;FR
1189;FRANC
1190;FRANCIS
1191;FRANCISCA
1192;FRANKLIN
1193;FRANSISCA
1194;FREDRICK
1195;FREEDOMNETWORK
1196;FRIDAY
1197;FRIDAYREF
1198;FRIED
1199;FRM
1200;FRMABAYOMI
1201;FRMAPPOLLONIA
1202;FRMHAUWA
1203;FRMWALE
1204;FROMADEBAYOOLATUNDETO
1205;FROMADEDIRANSUNDAYTOAKINGBEHIN
1206;FROMAQUEREBURUALEXANDREQUAM
1207;FROMBENEFICIARY
1208;FROMBYTEFINBYTEFINPAYSTACK
1209;FROMDIANEREF
1210;FROMELETUABAYOMI
1211;FROMMELBETMELBETPAYSTACK
1212;FROMOTHER
1213;FROMPIGGYVESTPIGGYVESTPAYSTACK
1214;FRUITS
1215;FS
1216;FT
1217;FUEL
1218;FULL
1219;FUND
1220;FUNDS
1221;FUNDSTRF
1222;FUNDTRANSFER
1223;FUNKE
1224;FUNMILAYO
1225;FUNMILAYOAISHAT
1226;FUNSHO
1227;FURNTINURE
1228;FW
1229;G
1230;GABRIEL
1231;GADRDENS
1232;GALVANIZED
1233;GAMBO
1234;GAMINGGTB
1235;GAMINGNETWORKS
1236;GAPS
1237;GAPSAYOADE
1238;GAPSCOM
1239;GAPSCOMM
1240;GAPSDECEMBER
1241;GAPSEXPENSES
1242;GAPSJANUARY
1243;GAPSLITE
1244;GAPSLITEREF
1245;GAPSMONTHLY
1246;GAPSNOVEMBER
1247;GARKI
1248;GAS
1249;GATE
1250;GATEIKEJA
1251;GBADAMASI
1252;GBADAMOSI
1253;GBADAMOSISODIKSESANREF
1254;GBAGADA
1255;GBENGA
1256;GBENGAAYENIREF
1257;GBENGAGODWINTOOSHOKHUEFESTUS
1258;GEN
1259;GENERALREF
1260;GENERATOR
1261;GENERATORREF
1262;GENERSTOR
1263;GEORGE
1264;GIFT
1265;GIFTREF
1266;GIFTS
1267;GILBERT
1268;GLASSES
1269;GLOBAL
1270;GLOBALRESOURCESLTDTOUGWUANYI
1271;GLOBASURE
1272;GLOMAR
1273;GLOMARPLUS
1274;GLORY
1275;GLORYIMEHREF
1276;GMAIL
1277;GO
1278;GOAPPOLLONIAOTOUGWUANYISAMSONONYEB
1279;GOD
1280;GODDY
1281;GODFREY
1282;GODFREYTHOMPSON
1283;GODSENTOSEGHE
1284;GODSENTOSEGHEIGAHREF
1285;GODSPOWER
1286;GODWIN
1287;GODWINTOOSHOKHUEFESTUS
1288;GOKADA
1289;GOKADACUSTOMER
1290;GOLD
1291;GOLDCHILDREN
1292;GOLDCHILDRENS
1293;GOVA
1294;GRAB
1295;GRACE
1296;GRACEEHI
1297;GRAMMAR
1298;GRAND
1299;GRANDSTREAM
1300;GRANDWAG
1301;GRANDWAGON
1302;GRANDWAGONS
1303;GRAVEL
1304;GREASE
1305;GREAT
1306;GREETING
1307;GREETINGS
1308;GREGORYCHUKWUEMEKATOJOSEPHJOHN
1309;GT
1310;GTB
1311;GTBANK
1312;GTBANKFORTE
1313;GTBANKPLC
1314;GTBANKPLURAL
1315;GTBMTRF
1316;GTPAY
1317;GTPAYMELBET_
1318;GTRESCUE
1319;GTWORLD
1320;GTWORLDAM
1321;GTWORLDANDROID
1322;GTWORLDAS
1323;GTWORLDBALANCE
1324;GTWORLDBIRTHDAY
1325;GTWORLDCABLEREF
1326;GTWORLDCASHREF
1327;GTWORLDCHURCHREF
1328;GTWORLDCONDOLENCEREF
1329;GTWORLDDATAREF
1330;GTWORLDDELIVERYREF
1331;GTWORLDDEVICE
1332;GTWORLDDRINKSREF
1333;GTWORLDFLIRT
1334;GTWORLDFOODREF
1335;GTWORLDFOR
1336;GTWORLDFORCE
1337;GTWORLDFUNDS
1338;GTWORLDGASREF
1339;GTWORLDGIVE
1340;GTWORLDGRANDSTREAMREF
1341;GTWORLDHANGOUTREF
1342;GTWORLDHAPLITE
1343;GTWORLDHAPLITEREF
1344;GTWORLDHAPPY
1345;GTWORLDHIREF
1346;GTWORLDHOLD
1347;GTWORLDHOMEREF
1348;GTWORLDIBUKUN
1349;GTWORLDICEREF
1350;GTWORLDINTERNET
1351;GTWORLDISLAND
1352;GTWORLDLADDERREF
1353;GTWORLDLANTUSREF
1354;GTWORLDLOAN
1355;GTWORLDMANAGE
1356;GTWORLDMONEY
1357;GTWORLDNETFLIX
1358;GTWORLDNETFLIXREF
1359;GTWORLDNEW
1360;GTWORLDPART
1361;GTWORLDPAYMENT
1362;GTWORLDPLEASE
1363;GTWORLDPOWERBEAM
1364;GTWORLDRADIO
1365;GTWORLDRECHARGEREF
1366;GTWORLDREF
1367;GTWORLDREPAIDREF
1368;GTWORLDRIDEREF
1369;GTWORLDTENT
1370;GTWORLDTHANK
1371;GTWORLDTHANKS
1372;GTWORLDTHANKSREF
1373;GTWORLDTRANSFERREF
1374;GTWORLDTRREF
1375;GTWORLDUBERREF
1376;GTWORLDUSE
1377;GTWORLDWEBSITE
1378;GTWORLDWILL
1379;GTWORLDWITHDRAWALREF
1380;GTWORLD_QL
1381;GUARANTY
1382;GWARINPAABUJA
1383;GYANDOH
1384;H
1385;HABEEB
1386;HAFEEZOLAKUNLEOLAJIDE
1387;HAFSAT
1388;HAFSATMOHAMMED
1389;HAIR
1390;HAIRDO
1391;HAJIPSON
1392;HAJIYA
1393;HALF
1394;HALILU
1395;HALIMA
1396;HAMAZAT
1397;HANANIYA
1398;HANG
1399;HANGOUT
1400;HANNAH
1401;HANNAHESSIENREF
1402;HANNAHREF
1403;HAPLITE
1404;HAPLITEREF
1405;HAPPINESS
1406;HAPPY
1407;HARD
1408;HARMONY
1409;HARMONYREF
1410;HARRISON
1411;HARRYSON
1412;HARUNA
1413;HARUNAREF
1414;HASAL
1415;HASSAN
1416;HASSANABDULLAHIREF
1417;HASSANREF
1418;HAULAGE
1419;HAUWA
1420;HAUWAMOHAMMEDTOASHAFAIBRAHIM
1421;HAUWAMUSAREF
1422;HAUWAREF
1423;HC
1424;HCPCRPAYSTACKFINANCE
1425;HD
1426;HDD
1427;HEALTHPLUS
1428;HEARTS
1429;HELEN
1430;HELENNGOZIREF
1431;HELLOIX
1432;HELLOIXTO
1433;HELLOIXTOIPNXNIGERIA
1434;HENRY
1435;HENSEED
1436;HERITAGEBANKILUPEJULAGOS
1437;HHUJ
1438;HIJJ
1439;HILL
1440;HIREF
1441;HLAGOS
1442;HO
1443;HOLD
1444;HOME
1445;HON
1446;HONEY
1447;HORN
1448;HOSPICE
1449;HOSPICEREF
1450;HOSPITALITY
1451;HOT
1452;HOTONU
1453;HOUSE
1454;HOUSELAGOS
1455;HOUSING
1456;HOVICTORIAISLA
1457;HQABUJA
1458;HREF
1459;HSE
1460;HSR
1461;HTTP
1462;HUBMART
1463;HUNGARY
1464;HUSAINI
1465;HUSAINIAMINUREF
1466;HUSSAIN
1467;HUSSAINI
1468;HUSSAINIREF
1469;HUSSEIN
1470;HUSSENI
1471;HUT
1472;HUZAIFA
1473;HVJ
1474;HYLANDERREPAIR
1475;HYPERMARKET
1476;IAKUMAREF
1477;IANGWARIMPA
1478;IBANKING
1479;IBANKINGTRANSFERNG
1480;IBAOMOLOLA
1481;IBB
1482;IBEEMEKA
1483;IBEJU
1484;IBEJULEKKI
1485;IBG
1486;IBIYE
1487;IBIYEJAMES
1488;IBNTOASHAFAIBRAHIM
1489;IBRA
1490;IBRAHEEM
1491;IBRAHIM
1492;IBRAHIMABDULLAHI
1493;IBRAHIMABDULLAHIABDULAZEEZIBRAHIM
1494;IBRAHIMABDULLAHITOABDULLATIF
1495;IBRAHIMABDULLAHITOADAM
1496;IBRAHIMABDULLAHITOALIYUMUHAMMED
1497;IBRAHIMABDULLAHITOAUTA
1498;IBRAHIMABDULLAHITOEYIBO
1499;IBRAHIMABDULLAHITOMOHAMMED
1500;IBRAHIMABDULLAHITOMUHAMMAD
1501;IBRAHIMABDULLAHITOMUHAMMADISMAIL
1502;IBRAHIMABDULLAHITONWEKETRINITY
1503;IBRAHIMABDULLAHITOOGWUCHE
1504;IBRAHIMABDULLAHITOSALAMI
1505;IBRAHIMABDULLAHITOSULEIMAN
1506;IBRAHIMABDULLAHITOYOGH
1507;IBRAHIMAPEKHADEYUSUFIBRAHIM
1508;IBRAHIMAS
1509;IBRAHIMASHAFA
1510;IBRAHIMASHAFAREF
1511;IBRAHIMASHAFATOASHAFAIBRAHIM
1512;IBRAHIMJAFAR
1513;IBRAHIMREF
1514;IBUKUN
1515;ICONIC
1516;IDA
1517;IDEAL
1518;IDEALBUSINESSESCONCEPTREF
1519;IDH
1520;IDOKO
1521;IDOWU
1522;IDRIS
1523;IDRISREF
1524;IDU
1525;IDUIDOKOREF
1526;IE
1527;IFEAJUNA
1528;IFEANYI
1529;IFEANYINWABLESSINGISRAELIFEANYINWA
1530;IFEOMA
1531;IFEOMAABIGAIL
1532;IFEOMAABIGAILOBIYOREF
1533;IFEOMAABIGAILTOJOSEPH
1534;IFEOMAROSEREF
1535;IFEOMATOOSHOKHUEFESTUS
1536;IFIOKOBONG
1537;IFO
1538;IFOASHAFA
1539;IFT
1540;IFY
1541;IGAH
1542;IGBLA
1543;IGBLAJOHN
1544;IGBO
1545;IGBOANUGO
1546;IGBOANUGOCHRISTIANA
1547;IGBOANUGOREF
1548;IGE
1549;IGNATIUS
1550;IGOCHE
1551;IGOCHEREF
1552;IGWEGBE
1553;IJI
1554;IK
1555;IKE
1556;IKEAUGUSTINAREF
1557;IKECHUKWU
1558;IKEDC
1559;IKEJA
1560;IKEJI
1561;IKENNA
1562;IKENNASIMONODO
1563;IKOTUN
1564;IKOYI
1565;ILAMOSITOOSHOKHUEFESTUS
1566;ILENOBA
1567;ILEOGBENOBEHITOADEDIRAN
1568;ILEYEMI
1569;ILUPEJUILUPEJU
1570;IME
1571;IMEH
1572;IMHANDE
1573;IMHANDELOREF
1574;IMOLEAYO
1575;IMPERSONAL
1576;INCHE
1577;INCHES
1578;INCONVENIENCEREF
1579;INDOOR
1580;INDUSTRIES
1581;INFINITY
1582;ING
1583;INGELIS
1584;INNOCENT
1585;INNOCENTMOSESTOUGWUANYISAMSON
1586;INSTALLATION
1587;INSTANT
1588;INSTRUCTION
1589;INT
1590;INTEGRATED
1591;INTELLIGENT
1592;INTEREST
1593;INTERNATI
1594;INTERNATIONAL
1595;INTERNATIONALREF
1596;INTERNATIONALVENTURES
1597;INTERNET
1598;INTERNETBANKING
1599;INTERNETCABLESOLAMITOKEOLUWOLE
1600;INTERNETTECHNOLOGY
1601;INV
1602;INVESTM
1603;INVESTMENT
1604;INVESTMENTLIMITED
1605;INVOICE
1606;INYAMAH
1607;INYIAMA
1608;IP
1609;IPG
1610;IPNX
1611;IPNXNIGERIALTDREF
1612;IPTV
1613;IR
1614;IRAN
1615;IRANOLA
1616;IRENE
1617;IRENEBOSEREF
1618;IRIKPENATABUCHI
1619;IRMON
1620;IROEGBULAM
1621;IROKO
1622;ISAAC
1623;ISAH
1624;ISHAYA
1625;ISHAYAREF
1626;ISHAYASAADATU
1627;ISHOLA
1628;ISIAKA
1629;ISIAQ
1630;ISIAQBABATUNDEREF
1631;ISLA
1632;ISLAND
1633;ISMAIL
1634;ISMAILA
1635;ISMAILOLAITANLATEEFREF
1636;ISMAILRABOREF
1637;ISOA
1638;ISRAEL
1639;ISSUANCE
1640;ITA
1641;ITATOUGWUANYISAMSON
1642;ITE
1643;ITEMS
1644;ITEX
1645;ITOKE
1646;ITOTOH
1647;ITUNES
1648;IWUOHA
1649;IYABO
1650;IYAN
1651;IYANALADUKEREF
1652;IZZILIMITED
1653;J
1654;JAAFAR
1655;JABI
1656;JACKSON
1657;JACKSONISHAYA
1658;JACKSONREF
1659;JACOB
1660;JACOBS
1661;JACOBTOJOSEPHJOHN
1662;JAIZ
1663;JAKANDE
1664;JAKAWA
1665;JALIN
1666;JAMES
1667;JAMESOLUWOLEAJETOMOBIREF
1668;JAMIU
1669;JAN
1670;JANE
1671;JANEREF
1672;JANUARY
1673;JAY
1674;JEANS
1675;JEEP
1676;JEFFERSON
1677;JELILI
1678;JELILIOWOLABI
1679;JEMILATU
1680;JEMILATUDEMIDE
1681;JEMILATUREF
1682;JEMILATUTOASHAFAIBRAHIM
1683;JENNIFER
1684;JEREMIAH
1685;JERRYCHUNU
1686;JETSTREAM
1687;JEVINIK
1688;JIBRIL
1689;JIBRIN
1690;JIBRINREF
1691;JIBRINUMAR
1692;JIDE
1693;JIMOH
1694;JKVT
1695;JO
1696;JOB
1697;JOEL
1698;JOHN
1699;JOHNERIMMAREF
1700;JOHNJOSEPH
1701;JOHNJOSEPHREF
1702;JOHNOKOLIETO
1703;JOHNREF
1704;JOHNSON
1705;JOHNSONREF
1706;JOHNSONS
1707;JOHNSONXMAS
1708;JOHNTAPIYA
1709;JOHNTAPIYADELE
1710;JOHNTAPIYAJOSEPH
1711;JOHNTAPIYALEMBOYE
1712;JOHNTAPIYAREF
1713;JOHNTAPIYATOADEGOKE
1714;JOHNTAPIYATOADEGOKEWURAOLA
1715;JOHNTAPIYATOAGBATIARINOLA
1716;JOHNTAPIYATOAKINPELUMOTUNRAYO
1717;JOHNTAPIYATOAKOBUNDUANGELA
1718;JOHNTAPIYATOBREEZETECHNOLOGIES
1719;JOHNTAPIYATOCHIMEZIE
1720;JOHNTAPIYATOCHIMEZIESAMUEL
1721;JOHNTAPIYATODEGBEVI
1722;JOHNTAPIYATOEGBELUGHE
1723;JOHNTAPIYATOENIETAN
1724;JOHNTAPIYATOESOLUTIONTECHNOLOGIES
1725;JOHNTAPIYATOEYANG
1726;JOHNTAPIYATOGUSHOP
1727;JOHNTAPIYATOIFEAJUNA
1728;JOHNTAPIYATOISIAKA
1729;JOHNTAPIYATOISIBOR
1730;JOHNTAPIYATOISIBORDUMNODI
1731;JOHNTAPIYATOJIMMY
1732;JOHNTAPIYATOJOSEPH
1733;JOHNTAPIYATOKANU
1734;JOHNTAPIYATOOBIYO
1735;JOHNTAPIYATOOGUNLEYEOLUWAFISAYO
1736;JOHNTAPIYATOOLOWOLAYEMOAYODEJI
1737;JOHNTAPIYATOONWUGHAI
1738;JOHNTAPIYATOSARKI
1739;JOHNTAPIYATOSHITTU
1740;JOHNTAPIYATOSHODE
1741;JOHNTAPIYATOSODIQ
1742;JOHNTAPIYATOSUNDAY
1743;JOHNTAPIYATOTACHIE
1744;JOHNTAPIYATOUDEAGHA
1745;JOIN
1746;JOLAD
1747;JOLLY
1748;JOSEPH
1749;JOSEPHAKINWOLE
1750;JOSEPHAKINWOLEOSHUNDIJIREF
1751;JOSEPHHELLOIXTECHNOLOGIES
1752;JOSEPHINE
1753;JOSEPHJOHNTAPIYATO
1754;JOSEPHJOHNTAPIYATOUDEAGHA
1755;JOSEPHLOANDISBURSEMENT
1756;JOSEPHREF
1757;JOSEPHS
1758;JOSEPHTOALABIABDULLAHI
1759;JOSEPHTOAQUEREBURUALEXANDRE
1760;JOSEPHTOBABATUNDEOYEBANJI
1761;JOSEPHTOIBEHHENRY
1762;JOSEPHTOKPADUWACHUKWUDI
1763;JOSEPHTOOGUNFOWORAFESTUS
1764;JOSEPHTOOGUNLEYEABIOLA
1765;JOSEPHTOOGUNSANOLUWADAMILOLA
1766;JOSEPHTOOLAYINKAGBENGA
1767;JOSEPHTOOSHOKHUEFESTUS
1768;JOSEPHTOOSHOKHUEIGWITSOYA
1769;JOSEPHTOOSHOKHUEJOSEPH
1770;JOSEPHTOOSHOKHUEMERCY
1771;JOSEPHTOOSHOKWHECHARITY
1772;JOY
1773;JOYCE
1774;JOYCEOLUDEWAREF
1775;JUDENNAEMEKATOUGWUANYISAMSON
1776;JULIUS
1777;JUMIA
1778;JUMOKE
1779;JUNIOR
1780;JUNIOROSHOKUEREF
1781;K
1782;KABIRU
1783;KABIRUY
1784;KALASCO
1785;KALASCORICHARDREF
1786;KAMORUDEEN
1787;KANSA
1788;KAS
1789;KASHIMREF
1790;KAYODE
1791;KAYODETOJOSEPHJOHN
1792;KAZEEM
1793;KAZEEMOLANRENWAJU
1794;KAZEEMOLANREWAJUTOADEDIRAN
1795;KC
1796;KCGAMINGNETWORKS
1797;KCH
1798;KCHECK
1799;KD
1800;KED
1801;KEEP
1802;KEEPS
1803;KEHINDE
1804;KEHINDEIMOLEAYO
1805;KELVIN
1806;KELVINOLUWASEGUNADEPOJUREF
1807;KENNETH
1808;KENOMEJE
1809;KEREN
1810;KESH
1811;KESHS
1812;KEY
1813;KEYSANDFORDSTEP
1814;KEYSTONE
1815;KFC
1816;KHUZWAYOREF
1817;KING
1818;KINGREF
1819;KINGSLEY
1820;KINGSLEYCHIJIOKE
1821;KINGSLEYREF
1822;KLEENWASH
1823;KLEENWASHLAUNDRY
1824;KMB
1825;KN
1826;KOBIS
1827;KOI
1828;KOREDE
1829;KOREDEAKEEMREF
1830;KREF
1831;KTM
1832;KUD
1833;KUDI
1834;KULI
1835;KUNLE
1836;KUNLEOLUWABUKOLATOASHAFAIBRAHIM
1837;KUNLESULAIMON
1838;KUNLESULAIMONAREMUREF
1839;KWIKMONEY
1840;KWO
1841;L
1842;LA
1843;LABARAN
1844;LABOR
1845;LADDER
1846;LADO
1847;LAGOS
1848;LAGOSI
1849;LAGOSISLAND
1850;LAGOSSTATE
1851;LAKE
1852;LANG
1853;LANGBALAGOS
1854;LANRE
1855;LANREDANIELELLUSONREF
1856;LASISI
1857;LASPAMAS
1858;LAST
1859;LASTMA
1860;LATE
1861;LATEEF
1862;LATEEFREF
1863;LATERNA
1864;LATERREF
1865;LATIFAT
1866;LATIFATFOLASHADEREF
1867;LAUNDRY
1868;LAUNDRYANDDRYCLEANERSREF
1869;LAWAL
1870;LAWRENCE
1871;LAWRENCEREF
1872;LAWRENTTA
1873;LE
1874;LEASING
1875;LEASINGLIMITED
1876;LEASINGLIMITEDREF
1877;LEAVE
1878;LEDGERSREFFROMELEKWACHI
1879;LEGAL
1880;LEGISLATIVE
1881;LEKKI
1882;LEKKILAGOS
1883;LEKKIREF
1884;LEKLA
1885;LEND
1886;LENGTH
1887;LESSON
1888;LI
1889;LIAL
1890;LIB
1891;LIBE
1892;LIBER
1893;LIBERTA
1894;LIBERTALEASING
1895;LIFHT
1896;LIGHT
1897;LIJOKA
1898;LIJOKAREF
1899;LIM
1900;LIMI
1901;LIMIT
1902;LIMITED
1903;LIMITEDADEDIRANSUNDAYREF
1904;LIMITEDFC
1905;LIMITEDJOSEPH
1906;LIMITEDKD
1907;LIMITEDREF
1908;LIMITEDTOASHAFAIBRAHIM
1909;LIMITEDTOASHAFAIBRAHIMABDULLAHI
1910;LIMITEDTOUGWUANYISAMSON
1911;LIMITELA
1912;LINCO
1913;LINK
1914;LINUS
1915;LINUSODUMALAWRENCEREF
1916;LITE
1917;LIVE
1918;LIZZY
1919;LKW
1920;LLA
1921;LO
1922;LOAN
1923;LOANDISBURSMENTLIBERTALEASING
1924;LOANORDERNOGOSOKOLENDING
1925;LOCO
1926;LOGIC
1927;LOGICEDGELIMITEDREF
1928;LOGICEDGELIMITREF
1929;LOOKUP
1930;LOREF
1931;LORRITA
1932;LORRITAOKWUKWE
1933;LOUNGE
1934;LOVE
1935;LOVELINE
1936;LOVELY
1937;LT
1938;LTD
1939;LTDAL
1940;LTDREF
1941;LTDREFGW
1942;LTDTOADEBAYOOLAT
1943;LTDTOADEBAYOOLATUN
1944;LTDTOADEBAYOOLATUNDE
1945;LUNCH
1946;LUNCHBOX
1947;LUNCHREF
1948;LUNDRY
1949;LYNREF
1950;MAC
1951;MACAULY
1952;MACAULYRD
1953;MACSTAN
1954;MADA
1955;MADAKI
1956;MADU
1957;MADUREF
1958;MAGAJISHUAIBU
1959;MAGODO
1960;MAGODOEBRAN
1961;MAGODOLAGOS
1962;MAGODOMAGODO
1963;MAHMOOD
1964;MAHUVA
1965;MAINA
1966;MAINTENANCE
1967;MAKAMA
1968;MALIYU
1969;MALL
1970;MALLMART
1971;MAMA
1972;MAMAUDOHREF
1973;MAN
1974;MANAGE
1975;MANAGED
1976;MANAGEMENT
1977;MANAGEMENTCOMPANYLTDTO
1978;MANCHA
1979;MANSUR
1980;MAR
1981;MARARABA
1982;MARCH
1983;MARGARET
1984;MARIA
1985;MARIAM
1986;MARIAMWURAOLAREF
1987;MARIAOGWAREF
1988;MARINA
1989;MARSHALS
1990;MARTHA
1991;MARTINS
1992;MARTINSTOOSHOKHUEFESTUS
1993;MARUFDEENOLAJIDETOADEDIRAN
1994;MARY
1995;MARYAM
1996;MARYAMHARUNAREF
1997;MARYAMREF
1998;MARYOKONREF
1999;MASTERCARD
2000;MATERIALS
2001;MATERNITY
2002;MATTHEW
2003;MATTHEWFRANKTOADEDIRAN
2004;MATTHEWREF
2005;MATTHEWTOOSHOKHUEFESTUS
2006;MATULUKO
2007;MATURED
2008;MAUREEN
2009;MAXWELLREF
2010;MAY
2011;MB
2012;MBAH
2013;MBANEME
2014;MBANKING
2015;MBANKINGGEN
2016;MBANKINGSMALL
2017;MDADAOLATUNDE
2018;MECHANIC
2019;MEDINATBUKKY
2020;MEDXTRA
2021;MEGA
2022;MEGWALU
2023;MELBET_
2024;MELETUS
2025;MENDING
2026;MERCH
2027;MERCHANT
2028;MERCIES
2029;MERCURY
2030;MERCY
2031;MERCYGBADAMASIREF
2032;MERIT
2033;MERRY
2034;META
2035;METER
2036;METERS
2037;METERSIKUOMOLAADEFUNKE
2038;MEYORS
2039;MICHAEL
2040;MICHEAL
2041;MICHEALOSHOLANKEREF
2042;MICHELLE
2043;MICRO
2044;MICROFINANCE
2045;MICROLEASING
2046;MICROSOFT
2047;MICROSYSTEMS
2048;MICROWAVE
2049;MIGO
2050;MIGOREF
2051;MIKE
2052;MIKRO
2053;MIKROTIK
2054;MILE
2055;MIRACLE
2056;MKT
2057;MM
2058;MOB
2059;MOBIL
2060;MOBILIZATION
2061;MODD
2062;MODDMANAGEMENTCOMPANYLTDTO
2063;MODUPEEKANIYERETOADEDIRAN
2064;MOHAMMED
2065;MOHAMMEDBAKO
2066;MOHAMMEDREF
2067;MOHAMMEDTOASHAFAIBRAHIM
2068;MOJEED
2069;MOJEEDAYINLAREF
2070;MOJISOLA
2071;MOJISOLAMUHAMMEDREF
2072;MOLONEY
2073;MOMSYREF
2074;MON
2075;MONDAY
2076;MONDAYREF
2077;MONE
2078;MONEY
2079;MONEYREF
2080;MONNIFY
2081;MONTH
2082;MONTHLYDUES
2083;MONTHREF
2084;MONTHS
2085;MORDI
2086;MOREENTERPRISES
2087;MORGAN
2088;MORGANIKECHUKWUREF
2089;MORRIS
2090;MORUF
2091;MORUFREF
2092;MORUFU
2093;MORUFUAJANIOLADIPUPOREF
2094;MOSES
2095;MOSESREF
2096;MOSHOOD
2097;MOSUNMOLA
2098;MOTORS
2099;MOTUNDE
2100;MOTUNDESANAYAN
2101;MR
2102;MRREF
2103;MRS
2104;MRSMAYOKUN
2105;MRSMAYOKUNOLUBIYIREF
2106;MTN
2107;MUHAMMAD
2108;MUHAMMADALIYUREF
2109;MUHAMMADU
2110;MUHAMMADUAUWALU
2111;MUHAMMADUAUWALUREF
2112;MUHAMMED
2113;MUHAMMEDDEEN
2114;MUHAMMEDREFGW
2115;MUKOLU
2116;MULTI
2117;MULTIVENTURES
2118;MUMSY
2119;MUNDU
2120;MUNTAKA
2121;MUOKWE
2122;MUSA
2123;MUSAKAOJETOADEDIRAN
2124;MUSAREF
2125;MUSIBAU
2126;MUSIRAT
2127;MUSTAPHA
2128;MUSTAPHAREF
2129;MUTIU
2130;MUYIWA
2131;MUZOMANKECHIMAUREENTOUGWUANYISAMS
2132;MX
2133;N
2134;NA
2135;NAFISAT
2136;NAKPODIAOGHENERUEMUTOADEDIRAN
2137;NAMAMA
2138;NAMAMAREF
2139;NAMAMAZUBAIRUREF
2140;NASARAWA
2141;NASARAWAST
2142;NASIR
2143;NAWA
2144;ND
2145;NDD
2146;NDIDI
2147;NDSABRAHAM
2148;NDUKA
2149;NDUKWE
2150;NDUKWEREF
2151;NDUKWU
2152;NDULUE
2153;NECT
2154;NEPA
2155;NEPAREF
2156;NESTLE
2157;NET
2158;NETC
2159;NETCONSTRUCT
2160;NETCONSTRUCTNIGERIA
2161;NETFLIX
2162;NETFLIXREF
2163;NETPLUSDOTCOM
2164;NEW
2165;NEWWU
2166;NEXT
2167;NG
2168;NGOZI
2169;NHF
2170;NIBRAHIM
2171;NIBSS
2172;NIG
2173;NIGE
2174;NIGER
2175;NIGERIA
2176;NIGERIAENTERPRISESTOUGWUANYISAMSON
2177;NIGERIALIMITED
2178;NIGERIALIMITEDREF
2179;NIGERIALIMITEDTOASHAFAIBRAHIM
2180;NIGLA
2181;NIN
2182;NIP
2183;NIPONATMAJETOMOBI
2184;NIPONCHAT
2185;NIPTRANSFER
2186;NIPUSSD_
2187;NIPUSSD_IFT
2188;NIPUSSD_IFTMORRIS
2189;NIPUSSD_IFTTOMPSON
2190;NIPVNS
2191;NJIDEKA
2192;NKECHI
2193;NKEMDILIM
2194;NKWOBI
2195;NMESOMA
2196;NNA
2197;NNABUHIE
2198;NNABUIKEMR
2199;NNADI
2200;NNADIREF
2201;NNADOZIE
2202;NNASSARAWA
2203;NNEKA
2204;NNEOMA
2205;NOFIU
2206;NONE
2207;NORTH
2208;NORTHWEST
2209;NORTHWESTPETROLEUM
2210;NOSEMASK
2211;NOTHWESTFILLING
2212;NOV
2213;NOVEMBER
2214;NOVO
2215;NOWREF
2216;NPRSL
2217;NS
2218;NSIKAN
2219;NSNS
2220;NSSABRAHAM
2221;NUBI
2222;NUGERIA
2223;NURSERY
2224;NUT
2225;NUTS
2226;NUTSREF
2227;NWACHUKWU
2228;NWACHUKWUJESSICA
2229;NWACHUKWUJESSICANNEOMAREF
2230;NWAJIAKU
2231;NWAJIAKUREF
2232;NWAKA
2233;NWAKEGO
2234;NWAKEGOREF
2235;NWANEKEZI
2236;NWAOGU
2237;NWOG
2238;NWOGO
2239;NWOSU
2240;NWU
2241;NX
2242;NXG
2243;NYLON
2244;NYLONPROCEED
2245;NYLONPROCEEDTO
2246;OAD
2247;OANDO
2248;OBAFEMI
2249;OBAKURO
2250;OBAKUROREF
2251;OBALENDE
2252;OBALISA
2253;OBI
2254;OBILEYE
2255;OBIORA
2256;OBIREF
2257;OBIYO
2258;OBODO
2259;OBODOREF
2260;OBONG
2261;OBUESI
2262;OBUESICHARITY
2263;OBUESICHARITYFAITHREF
2264;OBUMNEME
2265;OCHAYI
2266;OCT
2267;OCTOBER
2268;ODARY
2269;ODEGOR
2270;ODEKULAGOS
2271;ODINAKA
2272;ODO
2273;ODOIKENNA
2274;ODRAGGE
2275;ODUBUR
2276;ODUFA
2277;ODUMA
2278;ODUMALAWRENCE
2279;ODUMALAWRENCEREF
2280;OFDOUBLEPAYMENT
2281;OFE
2282;OFFERING
2283;OFFICE
2284;OFFICEREF
2285;OG
2286;OGA
2287;OGADIMMA
2288;OGAR
2289;OGBONNA
2290;OGBUKA
2291;OGHELE
2292;OGHENETEGA
2293;OGOCHUKWU
2294;OGUDO
2295;OGUEJIOFOR
2296;OGUGUATOJOSEPHJOHN
2297;OGUNBUNMI
2298;OGUNDIJO
2299;OGUNDIPE
2300;OGUNLA
2301;OGUNMOLU
2302;OGUNMOLUOLUWAFEMIMOSESREF
2303;OGUNSAN
2304;OGUNSANYA
2305;OGWA
2306;OGWO
2307;OIL
2308;OILREF
2309;OILWESTERNAVENUE
2310;OJEIKPO
2311;OJEMERI
2312;OJO
2313;OJODU
2314;OJOKO
2315;OJUELEGBA
2316;OK
2317;OKAFOR
2318;OKAFORREF
2319;OKANUMEE
2320;OKASH
2321;OKECHUKWU
2322;OKEGBILE
2323;OKEGBILEREF
2324;OKEHIE
2325;OKEKE
2326;OKEMENA
2327;OKEOWO
2328;OKI
2329;OKOEBOH
2330;OKOLIE
2331;OKOLIEREF
2332;OKOLO
2333;OKOLOREF
2334;OKONREFGW
2335;OKOSODO
2336;OKUNOLA
2337;OKWOR
2338;OKWUKWE
2339;OL
2340;OLA
2341;OLABISI
2342;OLADEJO
2343;OLADEJOFUNKESHUKURATREF
2344;OLADELE
2345;OLADUNNI
2346;OLADUNNIREF
2347;OLAH
2348;OLAITAN
2349;OLAITANLATEEF
2350;OLAITANLATEEFREF
2351;OLAIYA
2352;OLAJ
2353;OLAJIDE
2354;OLAJIDEAHMED
2355;OLALEKAN
2356;OLAM
2357;OLAMBIWONNINU
2358;OLAMIDE
2359;OLAMIDEREF
2360;OLAMITOKE
2361;OLANIRAN
2362;OLANIRANREF
2363;OLANRENWAJU
2364;OLANREWAJU
2365;OLAOSEBIKAN
2366;OLAOSEBIKANOLUWASEYIAYODIMEJIREF
2367;OLARENWAJU
2368;OLASENI
2369;OLASENIAKINTOYE
2370;OLASUBOMI
2371;OLASUNKANMI
2372;OLASUNKANMITEMITOPE
2373;OLASUNKANMITEMITOPETOOSHOKHUEFESTUS
2374;OLATOYEOLUGBOYEGA
2375;OLATUBOSUNGABRIELTOJOSEPHJOHN
2376;OLATUNDE
2377;OLATUNDERASAQ
2378;OLATUNDEREF
2379;OLATUNDETOADEBAYOEMMANUEL
2380;OLATUNDETOADENIYIHAMMED
2381;OLATUNDETOBEECROFTOLAYEMI
2382;OLATUNDETOEHIMAMIEGHOAMOS
2383;OLATUNDETOFASANEMMANUEL
2384;OLATUNDETOGANIYUWASIU
2385;OLATUNDETOILESANMINURATU
2386;OLATUNDETOILEYEMIABDULAZEEZ
2387;OLATUNDETOMOHAMMEDUMAR
2388;OLATUNDETOODESANYAAYODEJI
2389;OLATUNDETOOFINNIDOYIN
2390;OLATUNDETOOLURONBIADEDEJI
2391;OLATUNDETOTIJANIOMOWUNMI
2392;OLATUNJI
2393;OLATUNJIADEKOYA
2394;OLATUNJIREF
2395;OLAWALE
2396;OLAWALEBENJAMIN
2397;OLAYEMI
2398;OLAYEMIREF
2399;OLAYINKA
2400;OLAYINKAAHMED
2401;OLAYINKAREF
2402;OLAYINKAWAHEED
2403;OLAZANNUREF
2404;OLD
2405;OLIJOREF
2406;OLLEY
2407;OLLOWU
2408;OLOHUNTOYINTOJOSEPHJOHN
2409;OLOMO
2410;OLOWOGBOYEGA
2411;OLUBIYI
2412;OLUBUNMI
2413;OLUBUNMIEBENEZERREF
2414;OLUBUNMIRACHEAL
2415;OLUDAYO
2416;OLUDEWA
2417;OLUDEWAREF
2418;OLUDOTUN
2419;OLUFEMIOLUMUYIWATOJOSEPHJOHN
2420;OLUFEMITOJOSEPHJOHN
2421;OLUFUNMILAYOETOADEDIRAN
2422;OLUJIRE
2423;OLUJIREREF
2424;OLUKAYODETOJOSEPHJOHN
2425;OLULEYE
2426;OLUMUYIWA
2427;OLUOKUN
2428;OLUOKUNAYOKUNLEOLUJIREREF
2429;OLUSEYE
2430;OLUSOLA
2431;OLUWABUKOLATOASHAFAIBRAHIM
2432;OLUWADAMILOLA
2433;OLUWAFEMI
2434;OLUWAFEMIGTOJOSEPHJOHN
2435;OLUWAFEMIMOSES
2436;OLUWAFISAYO
2437;OLUWAGBENGAAFARIOGUN
2438;OLUWAJIMI
2439;OLUWAJIMIREF
2440;OLUWAKEMI
2441;OLUWAMBE
2442;OLUWAMBEREF
2443;OLUWASEGUN
2444;OLUWASEGUNTOADEDIRAN
2445;OLUWASEUNBISIOLU
2446;OLUWASEYI
2447;OLUWASINA
2448;OLUWATOBI
2449;OLUWATOYIN
2450;OLUWATOYINTESLIMALIMIREF
2451;OLUWATOYINTOASHAFAIBRAHIM
2452;OLUWOLE
2453;OLUWOLEOLADELEREF
2454;OLUWOLEOLUWATOYIN
2455;OMALE
2456;OMALEPETERREF
2457;OMEDE
2458;OMEDEREF
2459;OMEH
2460;OMOBAMIDELEREFGW
2461;OMOJESU
2462;OMOLE
2463;OMOTOSHO
2464;OMOWUNMI
2465;OMOWUNMIREF
2466;OMOYELE
2467;ONABANJO
2468;ONADIPE
2469;ONAH
2470;ONB
2471;ONBALANCE
2472;ONBTRANSFER
2473;ONE
2474;ONEF
2475;ONEMONTHREF
2476;ONENU
2477;ONEPAY
2478;ONEPAYTRANSFERTO
2479;ONIRU
2480;ONIRULEKKI
2481;ONLINE
2482;ONLINECJ
2483;ONODU
2484;ONOJANATHANIELIBRAHIMTOOSHOKHUEFESTUS
2485;ONONYEBUCHI
2486;ONUH
2487;ONUOHA
2488;ONUSSD
2489;ONWUAMAEZE
2490;ONWUEMEZIE
2491;ONYEBUCHI
2492;ONYEBUCHIREF
2493;ONYEBUCHITOAJILIJAOGU
2494;ONYEBUCHITODOMINION
2495;ONYEBUCHITOFOODSTORES
2496;ONYEBUCHITOIMOLODEFACE
2497;ONYEBUCHITOMARTINS
2498;ONYEBUCHITONOFIU
2499;ONYEBUCHITOOKAFOR
2500;ONYEBUCHITOOKONJI
2501;ONYEBUCHITOOMEYEPASCHAL
2502;ONYEBUCHITOSAMUELOGIEMILE
2503;ONYEBUCHITOUDEHIFEANYI
2504;ONYEBUCHITOYEKINIMOSHOOD
2505;ONYEDIKACHI
2506;ONYEIWU
2507;ONYEKACHI
2508;ONYEKAREF
2509;ONYEMACHIJOSEPH
2510;ONYILO
2511;ONYINYECHUKWUDORISTOOSHOKHUEFESTUS
2512;OPARA
2513;OPARAREF
2514;OPAY
2515;OPAYLEXANDER
2516;OPERATORS
2517;OPERATORSREF
2518;OPERSTOR
2519;OPETE
2520;OPETEREF
2521;OPEYEMI
2522;OPEYEMIREF
2523;ORBA
2524;ORCHID
2525;ORDER
2526;OREDUGBA
2527;OREF
2528;ORIENTAL
2529;OROGWU
2530;OROGWUREF
2531;OSAGEI
2532;OSAGIODUWA
2533;OSAHENRUNMWENREFGW
2534;OSAMENDETOJOSEPHJOHN
2535;OSARO
2536;OSAROREF
2537;OSASAH
2538;OSCAR
2539;OSCARHANNAH
2540;OSEJI
2541;OSEPH
2542;OSHINOWO
2543;OSHIOKHUE
2544;OSHOBUGHIEREF
2545;OSHOKE
2546;OSHOKHUE
2547;OSHOKUE
2548;OSHOKUEREF
2549;OSHOLANKE
2550;OSHUNDIJI
2551;OSHUNDIJIREF
2552;OSINUGA
2553;OSU
2554;OSUREF
2555;OTAH
2556;OTENIYA
2557;OTHERATM
2558;OTON
2559;OTONEMMANUEL
2560;OTOUGWUANYISAMSON
2561;OTP
2562;OTTO
2563;OTUYIGA
2564;OUGWUANYI
2565;OUSSADAKPE
2566;OUTDOOR
2567;OUTWARD
2568;OVERTIME
2569;OWNACCOUNT
2570;OWOLABI
2571;OWOLABIISIAKAJELILI
2572;OYAWALE
2573;OYINDAMOLA
2574;OYINDAMOLAARINOLA
2575;OYINDAMOLAARINOLAYUSUFREF
2576;OZOEMENAN
2577;P
2578;PACKS
2579;PACT
2580;PAD
2581;PAGES
2582;PAINT
2583;PALLETS
2584;PALM
2585;PALMPAY
2586;PALMS
2587;PANEL
2588;PAPA
2589;PARCEL
2590;PARCELSERVICE
2591;PARCELSERVICTO
2592;PARFAIT
2593;PARK
2594;PART
2595;PARTNERSHIP
2596;PARTPAYMENT
2597;PARTS
2598;PARTY
2599;PASCALCHUKWUEMEKA
2600;PATIENCE
2601;PATRIOTS
2602;PAY
2603;PAYARENA
2604;PAYCENTRE
2605;PAYCOM
2606;PAYCOMNIGERIA
2607;PAYING
2608;PAYLIMITED
2609;PAYMENT
2610;PAYMENTREF
2611;PAYMENTS
2612;PAYQART
2613;PAYR
2614;PAYSTACK
2615;PAYSTACKFINANCEREFUND
2616;PAYSTACKSETTLEMENT
2617;PC
2618;PD
2619;PDCON
2620;PDCONNECT
2621;PDCONNECTINVESTMENT
2622;PDCONNECTINVESTMENTLIMITEDREF
2623;PEACE
2624;PEANUTREF
2625;PEE
2626;PEPPER
2627;PERFUME
2628;PERFUMEREF
2629;PERSISTENT
2630;PET
2631;PETER
2632;PETEROGUGUATOJOSEPH
2633;PETERREFGW
2634;PETROLEUM
2635;PG
2636;PHARM
2637;PHARMA
2638;PHARMACEUTIC
2639;PHARMACY
2640;PHARMASOLUTION
2641;PHASE
2642;PHED
2643;PHILIP
2644;PHONE
2645;PHONEREPAIR
2646;PHONES
2647;PHP
2648;PIGTAILS
2649;PINNACLE
2650;PIPE
2651;PIRIYE
2652;PL
2653;PLACE
2654;PLATES
2655;PLAZALAGOS
2656;PLC
2657;PLCCHI
2658;PLEASE
2659;PLEASEREF
2660;PLEDGE
2661;PLOT
2662;PLOTBLKA
2663;PLOTLAGOS
2664;PLURAL
2665;PLUS
2666;PLUSVENTURES
2667;POL
2668;POLE
2669;POLEREF
2670;POS
2671;PP
2672;PP_NIP_
2673;PREA
2674;PRECIOUS
2675;PRECIOUSEDO
2676;PREMATURE
2677;PREPAID
2678;PRESENTER
2679;PREVIEW
2680;PRICORN
2681;PRIMARY
2682;PRIMARYSCHREF
2683;PRINCE
2684;PRINTER
2685;PRINTING
2686;PRISCA
2687;PRISCAEREF
2688;PROCESSING
2689;PROCESSINGREF
2690;PRODUCTS
2691;PROMISED
2692;PROMISEDREF
2693;PROVIDER
2694;PROVIDUS
2695;PST
2696;PURCHASE
2697;PURCHASED
2698;PURCHASEREF
2699;PV
2700;Q
2701;QM
2702;QR
2703;QTBPMBOX
2704;QTRCMEKED
2705;QTRSABUJA
2706;QU
2707;QUADRI
2708;QUADRIOTUYIGA
2709;QUADRIREF
2710;QUAM
2711;QUAMTOOSHOKHUEFESTUS
2712;QUEEN
2713;QUEENREF
2714;QUI
2715;QUICKC
2716;QUICKCHECK
2717;QUIETLANE
2718;QUOTA
2719;R
2720;RABIU
2721;RABIUREF
2722;RABO
2723;RABOREF
2724;RACHEAL
2725;RACHEALREF
2726;RACKSTERLI
2727;RADIO
2728;RADIUS
2729;RAFIUAKANBI
2730;RAHIM
2731;RAMALAN
2732;RAMALANREF
2733;RAMAT
2734;RAMIA
2735;RANO
2736;RANSFER
2737;RAPHAEL
2738;RAPHAELOLUWATOYINTOASHAFAIBRAHIM
2739;RAPHVASELL
2740;RAPID
2741;RASAQ
2742;RASHEEDTOJOSEPHJOHN
2743;RAVA
2744;RAZ
2745;RD
2746;RDEBUTEMETTA
2747;READER
2748;REC
2749;RECHARGE
2750;RECOVERY
2751;REF
2752;REFC
2753;REFGW
2754;REFUND
2755;REFUNDED
2756;REFUNDEDPAYSTACKFINANCE
2757;REFUNDOFDOUBLEPAYMENT
2758;REGISTRATIO
2759;REKIT
2760;REKIYA
2761;REMITA
2762;RENT
2763;REPAIR
2764;REPAIRS
2765;REPAYMENT
2766;REPLENISH
2767;REQUEST
2768;RESOUR
2769;RESOURCES
2770;RESOURCESLTDTOUGWUANYISAMSON
2771;RESOURCESREF
2772;RESTAURA
2773;RESTAURANT
2774;RESTAURANTS
2775;RETAI
2776;RETURN
2777;RETURNS
2778;REUBENSAYONTI
2779;REUBENSAYONTIJOELREF
2780;REVERSAL
2781;REVERSED
2782;REVJUDE
2783;REWAR
2784;REWIRE
2785;RFC
2786;RFND
2787;RHODAOLUWAFUNMILOLA
2788;RIA
2789;RICARDO
2790;RICARDOCHAGOURY
2791;RICE
2792;RICHARD
2793;RICHARDREF
2794;RIDE
2795;RIKKO
2796;RIKKOREF
2797;RITJOSELOGISTICS
2798;RMON
2799;ROAD
2800;ROCKET
2801;ROD
2802;RODA
2803;ROLI
2804;ROOM
2805;ROSAB
2806;ROSE
2807;ROSELINETOJOSEPHJOHN
2808;ROSEREF
2809;ROUTER
2810;ROUTERREF
2811;ROWKO
2812;ROWKODBA
2813;RTA
2814;RUTH
2815;RZPH
2816;SAADATU
2817;SAADATUREF
2818;SABO
2819;SACRIFICIAL
2820;SADANU
2821;SADIQ
2822;SADIQREF
2823;SAFETY
2824;SAHAD
2825;SAHAD_
2826;SAHID
2827;SAKARIYAU
2828;SAKARIYAURAFIUAKANBIREF
2829;SAKIRAT
2830;SAL
2831;SALAMIREFGW
2832;SALARY
2833;SALASHAFA
2834;SALASHSFA
2835;SALAUDEEN
2836;SALEE
2837;SALEH
2838;SALEHMAINAREF
2839;SALES
2840;SALIFU
2841;SALIFUREF
2842;SALIHU
2843;SALISU
2844;SALISUALIYUREF
2845;SALISUREF
2846;SALIU
2847;SALLY
2848;SAMAO
2849;SAMSON
2850;SAMSONEBERE
2851;SAMSONO
2852;SAMSONONYEBUCHI
2853;SAMSONONYEBUCHIONEPAYTRANSFER
2854;SAMSONONYEBUCHITODOMINION
2855;SAMSONONYEBUCHITOFOODSTORES
2856;SAMSONONYEBUCHITONOFIU
2857;SAMSONONYEBUCHITOOKAFOR
2858;SAMSONONYEBUCHITOOKONJI
2859;SAMSONONYEBUCHITOORIMOLADE
2860;SAMSONONYEBUCHITOUGWUANYI
2861;SAMSONONYEBUCHITOUGWUANYIEBERE
2862;SAMUEL
2863;SAMUELOPETE
2864;SANAYAN
2865;SAND
2866;SANI
2867;SAR
2868;SAVAGE
2869;SAVEY
2870;SAVINGS
2871;SAVINGSSALARY
2872;SBP
2873;SBPX
2874;SBW
2875;SCAN
2876;SCHEME
2877;SCHOOL
2878;SCHOOLREF
2879;SCOJODU
2880;SCREWS
2881;SD
2882;SDANIEL
2883;SE
2884;SECMEN
2885;SECURITY
2886;SEDABUK
2887;SEDEH
2888;SEEDREF
2889;SEKI
2890;SEND
2891;SENSATION
2892;SEP
2893;SEPTEMBER
2894;SERV
2895;SERVIC
2896;SERVICE
2897;SERVICES
2898;SERVICESREF
2899;SERVICESTOOSHOKHUEFESTUS
2900;SERVICPAYR
2901;SERVICSUPP
2902;SERVLA
2903;SERVTOJOSEPHJOHN
2904;SESAN
2905;SETONDJI
2906;SETONDJIALBERTREF
2907;SETTLEMENT
2908;SETTLEMENTLIMITEDJOSEPHJOHNTAPIYAREF
2909;SEYE
2910;SHABA
2911;SHABAIBRAHIMREF
2912;SHAFA
2913;SHAIBU
2914;SHAIBUMOHAMMEDREF
2915;SHAKIRU
2916;SHAMMAH
2917;SHARWAMA
2918;SHAWARMA
2919;SHEGSMICK
2920;SHEHU
2921;SHEHUREF
2922;SHEMA
2923;SHEMAU
2924;SHERFEX
2925;SHOCKREF
2926;SHOES
2927;SHOESANDOFFERING
2928;SHOKHUE
2929;SHOLA
2930;SHOP
2931;SHOPPING
2932;SHOREMEKUN
2933;SHORINOLA
2934;SHOSPICEREF
2935;SHUKURAT
2936;SHUKURATREF
2937;SILAS
2938;SILVERBIRD
2939;SIM
2940;SIMEON
2941;SIMI
2942;SIMIREF
2943;SIMIYKE
2944;SIMON
2945;SIS
2946;SJDE
2947;SJOHNSON
2948;SKESHINRO
2949;SKYE
2950;SKYEPOL
2951;SLIPPERS
2952;SMACKERS
2953;SMS
2954;SNN_PS
2955;SNWS
2956;SODIK
2957;SODIKSESANREF
2958;SODIMU
2959;SOFOLABABATUNDEAYODEJITO
2960;SOFTWARE
2961;SOK
2962;SOLA
2963;SOLANKE
2964;SOLAR
2965;SOLUTIONS
2966;SOLUTIONSLIMITED
2967;SOMETHING
2968;SONDE
2969;SONS
2970;SOPULU
2971;SOREMI
2972;SOREMIEVELYNOMOLOLAREF
2973;SORRY
2974;SORRYREF
2975;SOSANYA
2976;SOTIMEHIN
2977;SOUP
2978;SOYINKA
2979;SPEAKER
2980;SPECSORT
2981;SPECTRANET
2982;SPECTRANETREF
2983;SPECTRUM
2984;SPIC
2985;SREF
2986;SRESOURCES
2987;SS
2988;SSLARY
2989;ST
2990;STAFF
2991;STAFFCOOP
2992;STAJJNG
2993;STAJJNGIBRAHIM
2994;STAMP
2995;STAN
2996;STANBIC
2997;STANCHART
2998;STANDING
2999;STANDINS
3000;STANLEY
3001;STATE
3002;STATEMENT
3003;STATIO
3004;STELLA
3005;STEPHEN
3006;STERLI
3007;STERLING
3008;STERLINGREF
3009;STERLINGYABAH
3010;STEW
3011;STICKERS
3012;STILL
3013;STORES
3014;STREET
3015;STREETV
3016;STREETYABANULL
3017;STUDY
3018;STUFF
3019;STYLES
3020;STYLESREF
3021;SUBSCRIPTION
3022;SUBSCRIPTIONREF
3023;SULAIMON
3024;SULAIMONAREMU
3025;SULAIMONMOJEEDAYINLAREF
3026;SULE
3027;SULEIMAN
3028;SULEIMANREF
3029;SULEMAN
3030;SULEREF
3031;SUNDAY
3032;SUNDAYCHIGOZIEREF
3033;SUNDAYNDUKWE
3034;SUNDAYREF
3035;SUNDAYTOABAHFRIDAY
3036;SUNDAYTOBEYIOKUBIDEMI
3037;SUNDAYTOEHIMENEFE
3038;SUNDAYTOGTBIMPERSONAL
3039;SUNDAY_
3040;SUNDRY
3041;SUPERMARKET
3042;SUPP
3043;SUPPORT
3044;SURA
3045;SURAJUDEE
3046;SURAJUDEEN
3047;SURAMARMOLONEY
3048;SV
3049;SWEET
3050;SWTCHBSNK
3051;SWTCHBSNKLAGOS
3052;SWTCHBSNKMAGODO
3053;SWTFBPSNK
3054;SWTFBPSNKASOKORO
3055;SWTFBPSNKOFF
3056;SWTFCMBSNKABUJA
3057;SWTFCMBSNKLAGOS
3058;SWTWEMSNK
3059;SWTWEMSNKIKEJA
3060;SWTWEMSNKLAGOS
3061;SXT
3062;SXTDEPOSITREF
3063;SXTREF
3064;SYSTEMS
3065;TACHIE
3066;TACHIEHARMONY
3067;TAIWO
3068;TAIWOALONGEREF
3069;TAIYE
3070;TAIYEMORUFSALAMIREF
3071;TAJB
3072;TANKO
3073;TANKOABUBAKARREF
3074;TANTALIZERS
3075;TAOFIKOMOSHOLA
3076;TAPIYA
3077;TAPIYAJOSEPH
3078;TAPIYAJOSEPHREF
3079;TAPIYAJOSEPHXPSJOHNTAPIYA
3080;TAPIYAOKASH
3081;TAPIYATAPIYAJOSEPHREF
3082;TAPIYATOADEBAYOJOSEPH
3083;TAPIYATOADEGOKEWURAOLA
3084;TAPIYATOADELEYEEMMANUEL
3085;TAPIYATOAGOYEBOLA
3086;TAPIYATOBREEZETECHNOLOGIES
3087;TAPIYATOCHIMEZIESAMUEL
3088;TAPIYATODANJUMAFLORENCE
3089;TAPIYATODAVIDBRENDA
3090;TAPIYATOEBOMAYEFRANK
3091;TAPIYATOENIETANMARY
3092;TAPIYATOESOLUTIONTECHNOLOGIES
3093;TAPIYATOEZEIFEDIKWAKINGLSEY
3094;TAPIYATOIDABIEBRIGHT
3095;TAPIYATOISIBORDUMNODI
3096;TAPIYATOJOSEPHMARY
3097;TAPIYATOKALUANTHONY
3098;TAPIYATOMATULUKOOLATUBOSUN
3099;TAPIYATOMICROVIEWNIGERIA
3100;TAPIYATONIKADERITA
3101;TAPIYATONONJUTAMUNOTONYE
3102;TAPIYATOOBIYOIFEOMA
3103;TAPIYATOOKUTOBOOMOSHOLA
3104;TAPIYATOOLADELEOLAMIDE
3105;TAPIYATOONWUEKWECHRISTOPHER
3106;TAPIYATOOPEOBAESTHEROLUWATOYIN
3107;TAPIYATOPANAMAGEORGE
3108;TAPIYATOSARKIESTHER
3109;TAPIYATOSHITTUAKINPELU
3110;TAPIYATOSUNDAYABIODUN
3111;TAPIYA_
3112;TAPIYA__
3113;TASTEE
3114;TASTIA
3115;TAX
3116;TB
3117;TBHDD
3118;TC
3119;TEAMAPT
3120;TEANSFER
3121;TECH
3122;TECHNICAL
3123;TECHNOLOGIES
3124;TECHNOLOGIESLIMITED
3125;TECHNOLOGIESTO
3126;TECHNOLOGY
3127;TECHSLIMITED
3128;TEJIRI
3129;TEMIDAYO
3130;TEMITOPEREF
3131;TEMPLE
3132;TEP
3133;TEPDR
3134;TEPF
3135;TEPGC
3136;TEPH
3137;TEPI
3138;TEPIR
3139;TEPNT
3140;TEPQ
3141;TEPV
3142;TEPX
3143;TEPY
3144;TESLIMALIMI
3145;TESTREF
3146;TFARE
3147;TFR
3148;TGT
3149;TGTB
3150;TGTCS
3151;TGTD
3152;TGTEL
3153;TGTFD
3154;TGTS
3155;TH
3156;THANKS
3157;THANKSADEYEBAADEBAYO
3158;THANKYOU
3159;THANKYOUTO
3160;THECONNECTREF
3161;THIRD
3162;THIRTY
3163;THMONTH
3164;TIGER
3165;TIJANIOMOWUNMIOMOYEMITOADEBAYO
3166;TINA
3167;TINAOKI
3168;TISCOPL
3169;TITHE
3170;TITILAYO
3171;TITILOPE
3172;TITILOPEREF
3173;TOABAYOMI
3174;TOABDULLAHI
3175;TOABU
3176;TOABYBOOMTRADE
3177;TOACCESS
3178;TOADACHUKWU
3179;TOADEBAYO
3180;TOADEBOWALEOKEADEDOJA
3181;TOADEDOKUNISOA
3182;TOADEKOYAADEOLU
3183;TOAINAOLUWAFEMI
3184;TOAJETOMOBIEMMANUELREF
3185;TOALOBO
3186;TOAMALADELIGHTCITY
3187;TOANGUS
3188;TOASHAFAA
3189;TOASHAFAIBRAHIM
3190;TOASHAFAIBRAHIMABDULLAHI
3191;TOAUTAJOSEPH
3192;TOAYOAJAGBEAYODEJI
3193;TOAYODELE
3194;TOBI
3195;TOBIOLADELEPALMPAY
3196;TOCHINWE
3197;TOCHUKWU
3198;TOCOLLINS
3199;TODAMEVOLVES
3200;TODBN
3201;TODEMEHINDAMILOLA
3202;TODOMINIONHOUSELEKKI
3203;TODOTUNARIFALO
3204;TOEBUSINESS
3205;TOEJIKUNLEKEHINDE
3206;TOEKWUTOSI
3207;TOELEKWACHITOCHUKWU
3208;TOELLUSON
3209;TOENEBELIEUNICE
3210;TOENIORISHAGBEOLUWATOSIN
3211;TOENYONGIFIOKOBONG
3212;TOEZEH
3213;TOEZEPASCAL
3214;TOFATAI
3215;TOFBN
3216;TOFCMB
3217;TOFOODSTORESNIGERIA
3218;TOFRANCIS
3219;TOGLORY
3220;TOGTBANK
3221;TOGTBIMPERSONAL
3222;TOGTBIMPERSONALLEDGERSREFFROMELEKWACHI
3223;TOGYANDOHRICHARDREF
3224;TOHASSAN
3225;TOHEEB
3226;TOIKENNA
3227;TOIROKODORCAS
3228;TOISHAYASAADATUREF
3229;TOJ
3230;TOJAMESJACK
3231;TOJIMOHOLAWALE
3232;TOJOSEPH
3233;TOJOSEPHINE
3234;TOJOSEPHJOHN
3235;TOJOSEPHJOHNTAPIYA
3236;TOKELECHI
3237;TOKELVIN
3238;TOKEN
3239;TOKES
3240;TOKMB
3241;TOKUMOYEADEMUYIWA
3242;TOLANIAKINBUMITI
3243;TOLANRE
3244;TOLIBERTA
3245;TOLIMITEDCUTLERYENTERPRISE
3246;TOLOGIC
3247;TOLUCY
3248;TOLULOPEEMMANUEL
3249;TOLUWALASE
3250;TOM
3251;TOMAC
3252;TOMARSHALS
3253;TOMBAH
3254;TOMECKAYONICS
3255;TOMECKAYONICSTECHNICALSERREF
3256;TOMECKAYONICSTECHNICALSERVICEREF
3257;TOMOBILESPORT
3258;TOMORKA
3259;TOMPSON
3260;TOMUSA
3261;TOMUSTAPHAOPEYEMI
3262;TONIA
3263;TONNADI
3264;TONSX
3265;TONWOGO
3266;TONWOSU
3267;TONYSON
3268;TONZEIHEOMA
3269;TOOCHUKWU
3270;TOODIORMOSES
3271;TOODJOKOH
3272;TOODRAGGE
3273;TOOGUNLEYE
3274;TOOKANUMEEJUDE
3275;TOOKOLOKINGSLEY
3276;TOOL
3277;TOOMEYEPASCHAL
3278;TOOSAGEI
3279;TOOSHOKHUEFESTUS
3280;TOOTONEMMANUELREF
3281;TOOZIOKOMARK
3282;TOPE
3283;TOPEOMOBAMIDELEREF
3284;TOPROVIDUS
3285;TORHEE
3286;TORHEEIKYERAVE
3287;TORODACREST
3288;TOSAMSON
3289;TOSCB
3290;TOSHINA
3291;TOSIN
3292;TOSKYE
3293;TOSLOTSYSTEMSLIMITED
3294;TOSOLEYEKAYODE
3295;TOSTANBIC
3296;TOSTERLING
3297;TOTAL
3298;TOTALA
3299;TOTOMPSON
3300;TOUBA
3301;TOUBAAJETOMOBIEMMANUELREF
3302;TOUDEAGHA
3303;TOUDEHIFEANYI
3304;TOUDOINYANGMETI
3305;TOUDU
3306;TOUGWUANYI
3307;TOUGWUANYICHIDERA
3308;TOUGWUANYIEBERE
3309;TOUGWUANYISAMSON
3310;TOUGWUANYISAMSONONYEBUCHI
3311;TOULOMA
3312;TOWILLAIMS
3313;TOYEKINIMOSHOOD
3314;TOYOSITOJOSEPHJOHN
3315;TOZBN
3316;TP
3317;TPLINK
3318;TPLINKREF
3319;TR
3320;TRA
3321;TRANAPOET
3322;TRANFER
3323;TRANS
3324;TRANSACT
3325;TRANSACTION
3326;TRANSACTIONDISP
3327;TRANSACTIONMASTERCARD
3328;TRANSFER
3329;TRANSFERFROMBYTEFINBYTEFIN
3330;TRANSFERFROMFAIRMONEYFAIRMONEY
3331;TRANSFERFROMPIGGYVESTPIGGYVEST
3332;TRANSFERFROMUGWUANYI
3333;TRANSFERNG
3334;TRANSFERREF
3335;TRANSFERS
3336;TRANSFR
3337;TRANSPORT
3338;TRANSPORTATION
3339;TRANSPORTPALLET
3340;TRBP
3341;TREASURE
3342;TREF
3343;TRF
3344;TRFASSISTFRMOSAGIODUWAPRECIOUSEDOTOELEKWACHITOCHUKWU
3345;TRFFRMAPPOLLONIAOGOCHUKWUNWOGOTOUGWUANYISAMSONONYEBUCHI
3346;TRFFRMHAFEEZOLAKUNLEOLAJIDETOJOSEPHJOHNTAPIYA
3347;TRFFRMNWO
3348;TRFFRMNWOGOAPPOLLONIAOTOUGWUANYISAMSONONYEBUCHI
3349;TRFMONEYFORNETFLIXFRMBLESSINGIFEAYINWAISRAELTOJOSEPHJOHNTAPIYA
3350;TRFPARCELFRMROWKOTOUGWUANYISAMSONONYEBUCHI
3351;TRFTHANKSFR
3352;TRGP
3353;TRGPTT
3354;TRIP
3355;TRNSFER
3356;TRSF
3357;TRUCKING
3358;TRUST
3359;TRUSTEESLTD
3360;TSA
3361;TSHEPANG
3362;TT
3363;TTANSFER
3364;TUD
3365;TUDIBG
3366;TUNBOSUN
3367;TUNBOSUNRASAQREF
3368;TUNDES
3369;TUNDETOJOSEPHJOHN
3370;TV
3371;TVBOX
3372;TWELVE
3373;TWO
3374;TYRE
3375;TYRES
3376;U
3377;UAC
3378;UBA
3379;UBAADEYEMI
3380;UBAAJETOMOBIEMMANUELREF
3381;UBACHILEKWE
3382;UBADANDELTACOMUNICATIONSREF
3383;UBAOBUESICHARITYFAITHREF
3384;UBAOJOWILLIAMOSAHENRUNREF
3385;UBAOJOWILLIAMOSAHEREF
3386;UBER
3387;UCA_PS
3388;UCHECHUKWU
3389;UCHENNA
3390;UCHENNAJOHN
3391;UCHENNAJOHNERIMMAREF
3392;UCHEOMA
3393;UCHETOASHAFAIBRAHIM
3394;UCHI
3395;UDE
3396;UDEAGHA
3397;UDEAGHAREF
3398;UDEH
3399;UDETOCHUKWU
3400;UDOH
3401;UDOHREF
3402;UDU
3403;UDUAK
3404;UGBEDE
3405;UGBEDEREF
3406;UGWUANYI
3407;UGWUANYIEBELE
3408;UGWUANYISAMSON
3409;UGWUANYISAMSONONYEBUCHI
3410;UI
3411;UICKCHE
3412;UKACHUKWU
3413;UKE
3414;UKURU
3415;UKURUSUNDAY
3416;UKWUOMA
3417;ULTIMATE
3418;UMAR
3419;UMARABUHURAIRAREF
3420;UMARREF
3421;UMUNNACHINEDU
3422;UNION
3423;UNITED
3424;UNITEDPARCELSERVICEREF
3425;UNITY
3426;UPFRONTFACILITYLIQUIDATION
3427;UPKEEP
3428;UPS
3429;UPSAYODELE
3430;URGENT
3431;USE
3432;USEYEONADIPE
3433;USIFOH
3434;USMAN
3435;USMANBABANGIDAREF
3436;USMANREF
3437;USONKA
3438;USSD
3439;USSDGTBANK
3440;USSDTRANSFER
3441;USSD_EZEH
3442;USSD_ISIAKA
3443;USSD_ISIAKAJELILI
3444;USSD_ISRAEL
3445;USSD_NDUVICTORIANDU
3446;USSD_TACHI
3447;USSD_UGWUANYI
3448;USSD_YUSUF
3449;UTHMAN
3450;UTO
3451;UTOIPTV
3452;UTOJENNY
3453;UTOOK
3454;UTOOLAYINKAAHMED
3455;UTOSUPPORT
3456;UTOUPS
3457;UVER
3458;UYO
3459;UYOOBONGIMEREF
3460;UZOMA
3461;V
3462;VALENTINE
3463;VALUE
3464;VARIOUS
3465;VAT
3466;VATJUMOKE
3467;VATSEND
3468;VELT
3469;VENANTIUS
3470;VENT
3471;VENTUR
3472;VENTURES
3473;VENTURESLA
3474;VENTURESREF
3475;VI
3476;VIA
3477;VIAGTWORLDDRINKS
3478;VIAGTWORLDREF
3479;VIANTOADEDIRAN
3480;VIATP
3481;VIAUSSD
3482;VICTOR
3483;VICTORIA
3484;VICTORIAISLA
3485;VICTORIANWAKEGOREF
3486;VICTORIAREF
3487;VICTORSUNDAYNDUKWEREF
3488;VIRGY
3489;VIRTUAL
3490;VNGHQ_PS
3491;VNM
3492;VNMABAYOMIOLASENI
3493;VNS
3494;VNSABRAHAM
3495;VNSDEMIDE
3496;VNSGRAND
3497;VNSKESHINRO
3498;VNSLACC
3499;VODKA
3500;VODKAREF
3501;VS
3502;VTG
3503;VULTE
3504;VULTEFT
3505;VVV
3506;WAGON
3507;WAGONINTERNATIONAL
3508;WAGONS
3509;WAGONSINTERNATIONAL
3510;WAKA
3511;WALETOOSHOKHUEFESTUS
3512;WALTER
3513;WASHING
3514;WATER
3515;WAWIS
3516;WAY
3517;WEARS
3518;WEB
3519;WEDDING
3520;WEEK
3521;WEEKEND
3522;WEEKENDLABORTO
3523;WELL
3524;WEMA
3525;WEST
3526;WESTERNAVENUE
3527;WIFI
3528;WIFIINSTALLATIONIKUOMOLAADEFUNKE
3529;WILLAIMS
3530;WILLIAM
3531;WIPER
3532;WIRELESS
3533;WIRES
3534;WISH
3535;WITHDRAWAL
3536;WOKS
3537;WOLEX
3538;WOR
3539;WORK
3540;WORKSDBA
3541;WOW
3542;WT
3543;WU
3544;WUABUJA
3545;WUFCT
3546;WURAOLA
3547;WUSE
3548;WWW
3549;X
3550;XBFEABRAHAM
3551;XBSS
3552;XJDD
3553;XJE
3554;XJSABRAHAM
3555;XJSSABRAHAM
3556;XJSZABRAHAM
3557;XKAS
3558;XMAS
3559;XND
3560;XNES
3561;XNS
3562;XNSS
3563;XPS
3564;XS
3565;XX
3566;XXXX
3567;XXXXABDULLAHI
3568;YABA
3569;YABAYABA
3570;YAHAYA
3571;YAKUBU
3572;YAKUBUASHAFA
3573;YAKUBUASHAFAABDULLAHI
3574;YAKUBUASHAFAABDULLAHIREF
3575;YAKUBUBABAREF
3576;YAKUBUREF
3577;YAKUBUUSMAN
3578;YAM
3579;YARD
3580;YEAR
3581;YEARREF
3582;YEKINI
3583;YEMISI
3584;YILL
3585;YILLUWIRIKERENTOASHAFA
3586;YISA
3587;YOHANA
3588;YOHANNA
3589;YOHANNAREF
3590;YOUFAIRMONEYPAYSTACK
3591;YOUREF
3592;YSRK
3593;YUNUSA
3594;YUSSUF
3595;YUSSUFREF
3596;YUSUF
3597;YUSUFF
3598;YUSUFHASSAN
3599;YUSUFHASSANREF
3600;YUSUFKOREDEAKEEMREF
3601;YUSUFMUHAMMED
3602;YUSUFREF
3603;YX
3604;ZAID
3605;ZAINAB
3606;ZAINABUMARREF
3607;ZAKKY
3608;ZAM
3609;ZANNU
3610;ZANNUREF
3611;ZBLI
3612;ZBN
3613;ZBNISHAYASAADATUREF
3614;ZBNSAMUELOPETEREF
3615;ZENITH
3616;ZEROF
3617;ZERUWA
3618;ZIB
3619;ZIBLEKKIBRA
3620;ZIRA
3621;ZJS
3622;ZJSE
3623;ZNFD
3624;ZONE
3625;ZONEWUSE
3626;ZUBAIRU
3627;ZUBAIRUREF
3628;_
3629;_P
3630;_PS
3631;_Z
3632;__GTPAY
3633;A
